検索キー,アイドル名,カード名,凸数,Vo_status,Da_status,Vi_status,Vo_rate,Da_rate,Vi_rate,Ex_rate,Vo_buff,Da_buff,Vi_buff,Vo_buff_coT,Da_buff_coT,Vi_buff_coT,LS_Vo_rate,LS_Da_rate,LS_Vi_rate,LS_Exce,LS_Vo_buff,LS_Da_buff,LS_Vi_buff,LS_Vo_buff_coT,LS_Da_buff_coT,LS_Vi_buff_coT
櫻木真乃駅線上の日常0凸,櫻木真乃,駅線上の日常,0凸,120,180,180,0,2,2,0,,,,,,,2,2,2,0,,,,,,
櫻木真乃駅線上の日常1凸,櫻木真乃,駅線上の日常,1凸,127,191,191,0,2,2,0,,,,,,,2,2,2,0,,,,,,
櫻木真乃駅線上の日常2凸,櫻木真乃,駅線上の日常,2凸,135,202,202,0,2,2,0,,,,,,,2,2,2,0,,,,,,
櫻木真乃駅線上の日常3凸,櫻木真乃,駅線上の日常,3凸,142,213,213,0,2,2,0,,,,,,,2,2,2,0,,,,,,
櫻木真乃駅線上の日常4凸,櫻木真乃,駅線上の日常,4凸,150,225,225,0,2,2,0,0,0,0,0,0,0,2,2,2,0,,,,,,
櫻木真乃トリプルイルミネーション0凸,櫻木真乃,トリプルイルミネーション,0凸,160,140,150,2.6,0,0,0,,,,,,,0,0,0,0,,,,,,
櫻木真乃トリプルイルミネーション1凸,櫻木真乃,トリプルイルミネーション,1凸,170,148,159,2.6,0,0,0,,,,,,,0,0,0,0,,,,,,
櫻木真乃トリプルイルミネーション2凸,櫻木真乃,トリプルイルミネーション,2凸,180,157,168,2.8,0,0,0,,,,,,,0,0,0,0,,,,,,
櫻木真乃トリプルイルミネーション3凸,櫻木真乃,トリプルイルミネーション,3凸,190,166,177,2.8,0,0,0,,,,,,,0,0,0,0,,,,,,
櫻木真乃トリプルイルミネーション4凸,櫻木真乃,トリプルイルミネーション,4凸,200,175,187,3,0,0,0,,,,,,,0,0,0,0,,,,,,
櫻木真乃冬街イルミネート0凸,櫻木真乃,冬街イルミネート,0凸,150,140,160,0,0,2.6,0,,,,,,,2.6,2.6,2.6,0,,,,,,
櫻木真乃冬街イルミネート1凸,櫻木真乃,冬街イルミネート,1凸,159,148,170,0,0,2.6,0,,,,,,,2.6,2.6,2.6,0,,,,,,
櫻木真乃冬街イルミネート2凸,櫻木真乃,冬街イルミネート,2凸,168,157,180,0,0,2.8,0,,,,,,,2.8,2.8,2.8,0,,,,,,
櫻木真乃冬街イルミネート3凸,櫻木真乃,冬街イルミネート,3凸,177,166,190,0,0,2.8,0,,,,,,,2.8,2.8,2.8,0,,,,,,
櫻木真乃冬街イルミネート4凸,櫻木真乃,冬街イルミネート,4凸,187,175,200,0,0,3,0,,,,,,,3,3,3,0,,,,,,
櫻木真乃はじまりのエピローグ0凸,櫻木真乃,はじまりのエピローグ,0凸,170,130,130,2.6,0,0,0,,,,,,,0,0,0,0,,,,,,
櫻木真乃はじまりのエピローグ1凸,櫻木真乃,はじまりのエピローグ,1凸,180,138,138,2.6,0,0,0,,,,,,,0,0,0,0,,,,,,
櫻木真乃はじまりのエピローグ2凸,櫻木真乃,はじまりのエピローグ,2凸,191,146,146,2.8,0,0,0,,,,,,,0,0,0,0,,,,,,
櫻木真乃はじまりのエピローグ3凸,櫻木真乃,はじまりのエピローグ,3凸,201,154,154,2.8,0,0,0,,,,,,,0,0,0,0,,,,,,
櫻木真乃はじまりのエピローグ4凸,櫻木真乃,はじまりのエピローグ,4凸,212,162,162,3,0,0,0,,,,,,,0,0,0,0,,,,,,
風野灯織星掬い藍仰ぐ0凸,風野灯織,星掬い藍仰ぐ,0凸,180,180,120,2,2,0,0,,,,,,,0,0,0,0,,,,,,
風野灯織星掬い藍仰ぐ1凸,風野灯織,星掬い藍仰ぐ,1凸,191,191,127,2,2,0,0,,,,,,,0,0,0,0,,,,,,
風野灯織星掬い藍仰ぐ2凸,風野灯織,星掬い藍仰ぐ,2凸,202,202,135,2,2,0,0,,,,,,,0,0,0,0,,,,,,
風野灯織星掬い藍仰ぐ3凸,風野灯織,星掬い藍仰ぐ,3凸,213,213,142,2,2,0,0,,,,,,,0,0,0,0,,,,,,
風野灯織星掬い藍仰ぐ4凸,風野灯織,星掬い藍仰ぐ,4凸,225,225,150,2,2,0,0,,,,,,,0,0,0,0,,,,,,
風野灯織みんなと結んだもの0凸,風野灯織,みんなと結んだもの,0凸,165,150,165,0,0,2.5,0,,,,,,,2.5,2.5,2.5,0,,,,,,
風野灯織みんなと結んだもの1凸,風野灯織,みんなと結んだもの,1凸,175,159,175,0,0,2.5,0,,,,,,,2.5,2.5,2.5,0,,,,,,
風野灯織みんなと結んだもの2凸,風野灯織,みんなと結んだもの,2凸,185,169,185,0,0,2.5,0,,,,,,,2.5,2.5,2.5,0,,,,,,
風野灯織みんなと結んだもの3凸,風野灯織,みんなと結んだもの,3凸,195,178,195,0,0,2.5,0,,,,,,,2.5,2.5,2.5,0,,,,,,
風野灯織みんなと結んだもの4凸,風野灯織,みんなと結んだもの,4凸,206,188,206,0,0,2.5,0,,,,,,,2.5,2.5,2.5,0,,,,,,
風野灯織風野署長の一日勤務回想録0凸,風野灯織,風野署長の一日勤務回想録,0凸,135,140,160,0,0,2.6,0,,,,,,,2.6,2.6,2.6,0,,,,,,
風野灯織風野署長の一日勤務回想録1凸,風野灯織,風野署長の一日勤務回想録,1凸,143,148,170,0,0,2.6,0,,,,,,,2.6,2.6,2.6,0,,,,,,
風野灯織風野署長の一日勤務回想録2凸,風野灯織,風野署長の一日勤務回想録,2凸,152,157,180,0,0,2.8,0,,,,,,,2.8,2.8,2.8,0,,,,,,
風野灯織風野署長の一日勤務回想録3凸,風野灯織,風野署長の一日勤務回想録,3凸,161,166,190,0,0,2.8,0,,,,,,,2.8,2.8,2.8,0,,,,,,
風野灯織風野署長の一日勤務回想録4凸,風野灯織,風野署長の一日勤務回想録,4凸,170,175,200,0,0,3,0,,,,,,,3,3,3,0,,,,,,
風野灯織星合アステリズム0凸,風野灯織,星合アステリズム,0凸,150,175,140,0,0,2.5,0,,,,,,,2.5,2.5,2.5,0,,,,,,
風野灯織星合アステリズム1凸,風野灯織,星合アステリズム,1凸,159,185,148,0,0,2.5,0,,,,,,,2.5,2.5,2.5,0,,,,,,
風野灯織星合アステリズム2凸,風野灯織,星合アステリズム,2凸,168,196,157,0,0,2.5,0,,,,,,,2.5,2.5,2.5,0,,,,,,
風野灯織星合アステリズム3凸,風野灯織,星合アステリズム,3凸,177,207,166,0,0,2.5,0,,,,,,,2.5,2.5,2.5,0,,,,,,
風野灯織星合アステリズム4凸,風野灯織,星合アステリズム,4凸,187,218,175,0,0,2.5,0,,,,,,,2.5,2.5,2.5,0,,,,,,
風野灯織魔法の階段を上って……0凸,風野灯織,魔法の階段を上って……,0凸,120,150,135,0,2,0,0,,,,,,,0,0,0,0,,,,,,
風野灯織魔法の階段を上って……1凸,風野灯織,魔法の階段を上って……,1凸,127,159,143,0,2,0,0,,,,,,,0,0,0,0,,,,,,
風野灯織魔法の階段を上って……2凸,風野灯織,魔法の階段を上って……,2凸,135,168,151,0,2,0,0,,,,,,,0,0,0,0,,,,,,
風野灯織魔法の階段を上って……3凸,風野灯織,魔法の階段を上って……,3凸,142,177,159,0,2,0,0,,,,,,,0,0,0,0,,,,,,
風野灯織魔法の階段を上って……4凸,風野灯織,魔法の階段を上って……,4凸,150,187,168,0,2,0,0,,,,,,,0,0,0,0,,,,,,
八宮めぐる花笑み咲匂う0凸,八宮めぐる,花笑み咲匂う,0凸,180,120,180,2,0,2,0,,,,,,,2,2,2,0,,,,,,
八宮めぐる花笑み咲匂う1凸,八宮めぐる,花笑み咲匂う,1凸,191,127,191,2,0,2,0,,,,,,,2,2,2,0,,,,,,
八宮めぐる花笑み咲匂う2凸,八宮めぐる,花笑み咲匂う,2凸,202,135,202,2,0,2,0,,,,,,,2,2,2,0,,,,,,
八宮めぐる花笑み咲匂う3凸,八宮めぐる,花笑み咲匂う,3凸,213,142,213,2,0,2,0,,,,,,,2,2,2,0,,,,,,
八宮めぐる花笑み咲匂う4凸,八宮めぐる,花笑み咲匂う,4凸,225,150,225,2,0,2,0,,,,,,,2,2,2,0,,,,,,
八宮めぐるサンシャインシエスタ！0凸,八宮めぐる,サンシャインシエスタ！,0凸,110,110,180,0,0,2,0,,,,,,,2,2,2,0,,,,,,
八宮めぐるサンシャインシエスタ！1凸,八宮めぐる,サンシャインシエスタ！,1凸,117,117,191,0,0,2,0,,,,,,,2,2,2,0,,,,,,
八宮めぐるサンシャインシエスタ！2凸,八宮めぐる,サンシャインシエスタ！,2凸,124,124,202,0,0,2,0,,,,,,,2,2,2,0,,,,,,
八宮めぐるサンシャインシエスタ！3凸,八宮めぐる,サンシャインシエスタ！,3凸,131,131,213,0,0,2,0,,,,,,,2,2,2,0,,,,,,
八宮めぐるサンシャインシエスタ！4凸,八宮めぐる,サンシャインシエスタ！,4凸,138,138,224,0,0,2,0,,,,,,,2,2,2,0,,,,,,
八宮めぐるああひかりよ0凸,八宮めぐる,ああひかりよ,0凸,172,172,110,1.6,1.6,0,0,,,,,,,0,0,0,0,,,,,,
八宮めぐるああひかりよ1凸,八宮めぐる,ああひかりよ,1凸,182,182,117,1.6,1.6,0,0,,,,,,,0,0,0,0,,,,,,
八宮めぐるああひかりよ2凸,八宮めぐる,ああひかりよ,2凸,193,193,124,1.7,1.7,0,0,,,,,,,0,0,0,0,,,,,,
八宮めぐるああひかりよ3凸,八宮めぐる,ああひかりよ,3凸,204,204,131,1.7,1.7,0,0,,,,,,,0,0,0,0,,,,,,
八宮めぐるああひかりよ4凸,八宮めぐる,ああひかりよ,4凸,215,215,138,1.8,1.8,0,0,,,,,,,0,0,0,0,,,,,,
八宮めぐるキャプテン★パンプキン0凸,八宮めぐる,キャプテン★パンプキン,0凸,140,160,135,0,2.6,0,0,,,,,,,0,0,0,0,,,,,,
八宮めぐるキャプテン★パンプキン1凸,八宮めぐる,キャプテン★パンプキン,1凸,148,170,143,0,2.6,0,0,,,,,,,0,0,0,0,,,,,,
八宮めぐるキャプテン★パンプキン2凸,八宮めぐる,キャプテン★パンプキン,2凸,154,180,152,0,2.8,0,0,,,,,,,0,0,0,0,,,,,,
八宮めぐるキャプテン★パンプキン3凸,八宮めぐる,キャプテン★パンプキン,3凸,166,190,161,0,2.8,0,0,,,,,,,0,0,0,0,,,,,,
八宮めぐるキャプテン★パンプキン4凸,八宮めぐる,キャプテン★パンプキン,4凸,175,200,170,0,3,0,0,,,,,,,0,0,0,0,,,,,,
八宮めぐるスタァライトショウタイム0凸,八宮めぐる,スタァライトショウタイム,0凸,150,165,165,0,2.5,0,0,,,,,,,0,0,0,0,,,,,,
八宮めぐるスタァライトショウタイム1凸,八宮めぐる,スタァライトショウタイム,1凸,159,175,175,0,2.5,0,0,,,,,,,0,0,0,0,,,,,,
八宮めぐるスタァライトショウタイム2凸,八宮めぐる,スタァライトショウタイム,2凸,169,185,185,0,2.5,0,0,,,,,,,0,0,0,0,,,,,,
八宮めぐるスタァライトショウタイム3凸,八宮めぐる,スタァライトショウタイム,3凸,178,195,195,0,2.5,0,0,,,,,,,0,0,0,0,,,,,,
八宮めぐるスタァライトショウタイム4凸,八宮めぐる,スタァライトショウタイム,4凸,188,206,206,0,2.5,0,0,,,,,,,0,0,0,0,,,,,,
月岡恋鐘ふっふ?ん、ふふ?ん0凸,月岡恋鐘,ふっふ?ん、ふふ?ん,0凸,180,120,120,2.5,0,0,0,,,,,,,0,0,0,0,,,,,,
月岡恋鐘ふっふ?ん、ふふ?ん1凸,月岡恋鐘,ふっふ?ん、ふふ?ん,1凸,191,127,127,2.5,0,0,0,,,,,,,0,0,0,0,,,,,,
月岡恋鐘ふっふ?ん、ふふ?ん2凸,月岡恋鐘,ふっふ?ん、ふふ?ん,2凸,202,135,135,2.5,0,0,0,,,,,,,0,0,0,0,,,,,,
月岡恋鐘ふっふ?ん、ふふ?ん3凸,月岡恋鐘,ふっふ?ん、ふふ?ん,3凸,213,142,142,2.5,0,0,0,,,,,,,0,0,0,0,,,,,,
月岡恋鐘ふっふ?ん、ふふ?ん4凸,月岡恋鐘,ふっふ?ん、ふふ?ん,4凸,225,150,150,2.5,0,0,0,,,,,,,0,0,0,0,,,,,,
月岡恋鐘これ、なんの話?？0凸,月岡恋鐘,これ、なんの話?？,0凸,175,138,138,2.5,0,0,0,,,,,,,0,0,0,0,,,,,,
月岡恋鐘これ、なんの話?？1凸,月岡恋鐘,これ、なんの話?？,1凸,185,146,146,2.5,0,0,0,,,,,,,0,0,0,0,,,,,,
月岡恋鐘これ、なんの話?？2凸,月岡恋鐘,これ、なんの話?？,2凸,196,155,155,2.5,0,0,0,,,,,,,0,0,0,0,,,,,,
月岡恋鐘これ、なんの話?？3凸,月岡恋鐘,これ、なんの話?？,3凸,207,163,163,2.5,0,0,0,,,,,,,0,0,0,0,,,,,,
月岡恋鐘これ、なんの話?？4凸,月岡恋鐘,これ、なんの話?？,4凸,218,172,172,2.5,0,0,0,,,,,,,0,0,0,0,,,,,,
月岡恋鐘SIDE:K0凸,月岡恋鐘,SIDE:K,0凸,130,130,150,0,0,2.6,0,,,,,,,2.6,2.6,2.6,0,,,,,,
月岡恋鐘SIDE:K1凸,月岡恋鐘,SIDE:K,1凸,138,138,159,0,0,2.6,0,,,,,,,2.6,2.6,2.6,0,,,,,,
月岡恋鐘SIDE:K2凸,月岡恋鐘,SIDE:K,2凸,146,146,168,0,0,2.8,0,,,,,,,2.8,2.8,2.8,0,,,,,,
月岡恋鐘SIDE:K3凸,月岡恋鐘,SIDE:K,3凸,154,154,177,0,0,2.8,0,,,,,,,2.8,2.8,2.8,0,,,,,,
月岡恋鐘SIDE:K4凸,月岡恋鐘,SIDE:K,4凸,162,162,187,0,0,3,0,,,,,,,3,3,3,0,,,,,,
月岡恋鐘夏、どがんね?？0凸,月岡恋鐘,夏、どがんね?？,0凸,138,175,138,0,2.5,0,0,,,,,,,0,0,0,0,,,,,,
月岡恋鐘夏、どがんね?？1凸,月岡恋鐘,夏、どがんね?？,1凸,146,185,146,0,2.5,0,0,,,,,,,0,0,0,0,,,,,,
月岡恋鐘夏、どがんね?？2凸,月岡恋鐘,夏、どがんね?？,2凸,155,196,155,0,2.5,0,0,,,,,,,0,0,0,0,,,,,,
月岡恋鐘夏、どがんね?？3凸,月岡恋鐘,夏、どがんね?？,3凸,163,207,163,0,2.5,0,0,,,,,,,0,0,0,0,,,,,,
月岡恋鐘夏、どがんね?？4凸,月岡恋鐘,夏、どがんね?？,4凸,172,218,172,0,2.5,0,0,,,,,,,0,0,0,0,,,,,,
月岡恋鐘と?りゃんせ！0凸,月岡恋鐘,と?りゃんせ！,0凸,177,97,97,2,0,0,0,,,,,,,0,0,0,0,,,,,,
月岡恋鐘と?りゃんせ！1凸,月岡恋鐘,と?りゃんせ！,1凸,187,103,103,2,0,0,0,,,,,,,0,0,0,0,,,,,,
月岡恋鐘と?りゃんせ！2凸,月岡恋鐘,と?りゃんせ！,2凸,198,109,109,2,0,0,0,,,,,,,0,0,0,0,,,,,,
月岡恋鐘と?りゃんせ！3凸,月岡恋鐘,と?りゃんせ！,3凸,209,115,115,2,0,0,0,,,,,,,0,0,0,0,,,,,,
月岡恋鐘と?りゃんせ！4凸,月岡恋鐘,と?りゃんせ！,4凸,220,122,122,2,0,0,0,,,,,,,0,0,0,0,,,,,,
田中摩美々ゴシックデコレーション0凸,田中摩美々,ゴシックデコレーション,0凸,160,138,124,2.6,0,0,0,,,,,,,0,0,0,0,,,,,,
田中摩美々ゴシックデコレーション1凸,田中摩美々,ゴシックデコレーション,1凸,170,146,131,2.6,0,0,0,,,,,,,0,0,0,0,,,,,,
田中摩美々ゴシックデコレーション2凸,田中摩美々,ゴシックデコレーション,2凸,180,155,139,2.8,0,0,0,,,,,,,0,0,0,0,,,,,,
田中摩美々ゴシックデコレーション3凸,田中摩美々,ゴシックデコレーション,3凸,190,163,147,2.8,0,0,0,,,,,,,0,0,0,0,,,,,,
田中摩美々ゴシックデコレーション4凸,田中摩美々,ゴシックデコレーション,4凸,200,172,155,3,0,0,0,,,,,,,0,0,0,0,,,,,,
田中摩美々闇鍋上等0凸,田中摩美々,闇鍋上等,0凸,138,138,180,0,0,2.5,0,,,,,,,2.5,2.5,2.5,0,,,,,,
田中摩美々闇鍋上等1凸,田中摩美々,闇鍋上等,1凸,146,146,191,0,0,2.5,0,,,,,,,2.5,2.5,2.5,0,,,,,,
田中摩美々闇鍋上等2凸,田中摩美々,闇鍋上等,2凸,155,155,202,0,0,2.5,0,,,,,,,2.5,2.5,2.5,0,,,,,,
田中摩美々闇鍋上等3凸,田中摩美々,闇鍋上等,3凸,163,163,213,0,0,2.5,0,,,,,,,2.5,2.5,2.5,0,,,,,,
田中摩美々闇鍋上等4凸,田中摩美々,闇鍋上等,4凸,172,172,225,0,0,2.5,0,,,,,,,2.5,2.5,2.5,0,,,,,,
田中摩美々夜夜中ワンダーラスト0凸,田中摩美々,夜夜中ワンダーラスト,0凸,138,200,138,0,2.5,0,0,,,,,,,0,0,0,0,,,,,,
田中摩美々夜夜中ワンダーラスト1凸,田中摩美々,夜夜中ワンダーラスト,1凸,146,212,146,0,2.5,0,0,,,,,,,0,0,0,0,,,,,,
田中摩美々夜夜中ワンダーラスト2凸,田中摩美々,夜夜中ワンダーラスト,2凸,155,225,155,0,2.5,0,0,,,,,,,0,0,0,0,,,,,,
田中摩美々夜夜中ワンダーラスト3凸,田中摩美々,夜夜中ワンダーラスト,3凸,163,237,163,0,2.5,0,0,,,,,,,0,0,0,0,,,,,,
田中摩美々夜夜中ワンダーラスト4凸,田中摩美々,夜夜中ワンダーラスト,4凸,172,250,172,0,2.5,0,0,,,,,,,0,0,0,0,,,,,,
田中摩美々きまぐれのめぐみ0凸,田中摩美々,きまぐれのめぐみ,0凸,138,200,138,0,2.5,0,0,,,,,,,0,0,0,0,,,,,,
田中摩美々きまぐれのめぐみ1凸,田中摩美々,きまぐれのめぐみ,1凸,146,212,146,0,2.5,0,0,,,,,,,0,0,0,0,,,,,,
田中摩美々きまぐれのめぐみ2凸,田中摩美々,きまぐれのめぐみ,2凸,155,225,155,0,2.5,0,0,,,,,,,0,0,0,0,,,,,,
田中摩美々きまぐれのめぐみ3凸,田中摩美々,きまぐれのめぐみ,3凸,163,237,163,0,2.5,0,0,,,,,,,0,0,0,0,,,,,,
田中摩美々きまぐれのめぐみ4凸,田中摩美々,きまぐれのめぐみ,4凸,172,250,172,0,2.5,0,0,,,,,,,0,0,0,0,,,,,,
白瀬咲耶指先の煌めき0凸,白瀬咲耶,指先の煌めき,0凸,120,120,180,0,0,2.5,0,,,,,,,2.5,2.5,2.5,0,,,,,,
白瀬咲耶指先の煌めき1凸,白瀬咲耶,指先の煌めき,1凸,127,127,191,0,0,2.5,0,,,,,,,2.5,2.5,2.5,0,,,,,,
白瀬咲耶指先の煌めき2凸,白瀬咲耶,指先の煌めき,2凸,135,135,202,0,0,2.5,0,,,,,,,2.5,2.5,2.5,0,,,,,,
白瀬咲耶指先の煌めき3凸,白瀬咲耶,指先の煌めき,3凸,142,142,213,0,0,2.5,0,,,,,,,2.5,2.5,2.5,0,,,,,,
白瀬咲耶指先の煌めき4凸,白瀬咲耶,指先の煌めき,4凸,150,150,225,0,0,2.5,0,,,,,,,2.5,2.5,2.5,0,,,,,,
白瀬咲耶街角フラワーガーデン0凸,白瀬咲耶,街角フラワーガーデン,0凸,175,124,150,2.5,0,0,0,,,,,,,0,0,0,0,,,,,,
白瀬咲耶街角フラワーガーデン1凸,白瀬咲耶,街角フラワーガーデン,1凸,185,131,159,2.5,0,0,0,,,,,,,0,0,0,0,,,,,,
白瀬咲耶街角フラワーガーデン2凸,白瀬咲耶,街角フラワーガーデン,2凸,196,139,168,2.5,0,0,0,,,,,,,0,0,0,0,,,,,,
白瀬咲耶街角フラワーガーデン3凸,白瀬咲耶,街角フラワーガーデン,3凸,207,147,177,2.5,0,0,0,,,,,,,0,0,0,0,,,,,,
白瀬咲耶街角フラワーガーデン4凸,白瀬咲耶,街角フラワーガーデン,4凸,218,155,187,2.5,0,0,0,,,,,,,0,0,0,0,,,,,,
白瀬咲耶月映えのソワレ0凸,白瀬咲耶,月映えのソワレ,0凸,132,155,132,0,2.6,0,0,,,,,,,0,0,0,0,,,,,,
白瀬咲耶月映えのソワレ1凸,白瀬咲耶,月映えのソワレ,1凸,140,164,140,0,2.6,0,0,,,,,,,0,0,0,0,,,,,,
白瀬咲耶月映えのソワレ2凸,白瀬咲耶,月映えのソワレ,2凸,148,174,148,0,2.8,0,0,,,,,,,0,0,0,0,,,,,,
白瀬咲耶月映えのソワレ3凸,白瀬咲耶,月映えのソワレ,3凸,156,184,156,0,2.8,0,0,,,,,,,0,0,0,0,,,,,,
白瀬咲耶月映えのソワレ4凸,白瀬咲耶,月映えのソワレ,4凸,165,194,165,0,3,0,0,,,,,,,0,0,0,0,,,,,,
白瀬咲耶prince×princess0凸,白瀬咲耶,prince×princess,0凸,138,138,174,0,0,2.5,0,,,,,,,2.5,2.5,2.5,0,,,,,,
白瀬咲耶prince×princess1凸,白瀬咲耶,prince×princess,1凸,146,146,185,0,0,2.5,0,,,,,,,2.5,2.5,2.5,0,,,,,,
白瀬咲耶prince×princess2凸,白瀬咲耶,prince×princess,2凸,155,155,196,0,0,2.5,0,,,,,,,2.5,2.5,2.5,0,,,,,,
白瀬咲耶prince×princess3凸,白瀬咲耶,prince×princess,3凸,163,163,207,0,0,2.5,0,,,,,,,2.5,2.5,2.5,0,,,,,,
白瀬咲耶prince×princess4凸,白瀬咲耶,prince×princess,4凸,172,172,218,0,0,2.5,0,,,,,,,2.5,2.5,2.5,0,,,,,,
三峰結華ハロー、私の「いつも通り」0凸,三峰結華,ハロー、私の「いつも通り」,0凸,130,130,175,0,0,2.5,0,,,,,,,2.5,2.5,2.5,0,,,,,,
三峰結華ハロー、私の「いつも通り」1凸,三峰結華,ハロー、私の「いつも通り」,1凸,138,138,185,0,0,2.5,0,,,,,,,2.5,2.5,2.5,0,,,,,,
三峰結華ハロー、私の「いつも通り」2凸,三峰結華,ハロー、私の「いつも通り」,2凸,146,146,196,0,0,2.5,0,,,,,,,2.5,2.5,2.5,0,,,,,,
三峰結華ハロー、私の「いつも通り」3凸,三峰結華,ハロー、私の「いつも通り」,3凸,154,154,207,0,0,2.5,0,,,,,,,2.5,2.5,2.5,0,,,,,,
三峰結華ハロー、私の「いつも通り」4凸,三峰結華,ハロー、私の「いつも通り」,4凸,162,162,218,0,0,2.5,0,,,,,,,2.5,2.5,2.5,0,,,,,,
三峰結華等身大のレイニーデイ0凸,三峰結華,等身大のレイニーデイ,0凸,120,180,120,2.5,0,0,0,,,,,,,0,0,0,0,,,,,,
三峰結華等身大のレイニーデイ1凸,三峰結華,等身大のレイニーデイ,1凸,127,191,127,2.5,0,0,0,,,,,,,0,0,0,0,,,,,,
三峰結華等身大のレイニーデイ2凸,三峰結華,等身大のレイニーデイ,2凸,135,202,135,2.5,0,0,0,,,,,,,0,0,0,0,,,,,,
三峰結華等身大のレイニーデイ3凸,三峰結華,等身大のレイニーデイ,3凸,142,213,142,2.5,0,0,0,,,,,,,0,0,0,0,,,,,,
三峰結華等身大のレイニーデイ4凸,三峰結華,等身大のレイニーデイ,4凸,150,225,150,2.5,0,0,0,,,,,,,0,0,0,0,,,,,,
三峰結華賑やか四畳半0凸,三峰結華,賑やか四畳半,0凸,138,186,138,0,2.5,0,0,,,,,,,0,0,0,0,,,,,,
三峰結華賑やか四畳半1凸,三峰結華,賑やか四畳半,1凸,146,198,146,0,2.5,0,0,,,,,,,0,0,0,0,,,,,,
三峰結華賑やか四畳半2凸,三峰結華,賑やか四畳半,2凸,155,210,155,0,2.5,0,0,,,,,,,0,0,0,0,,,,,,
三峰結華賑やか四畳半3凸,三峰結華,賑やか四畳半,3凸,163,222,163,0,2.5,0,0,,,,,,,0,0,0,0,,,,,,
三峰結華賑やか四畳半4凸,三峰結華,賑やか四畳半,4凸,172,234,172,0,2.5,0,0,,,,,,,0,0,0,0,,,,,,
三峰結華メロウビート・スローダウン0凸,三峰結華,メロウビート・スローダウン,0凸,100,180,100,0,2,0,0,,,,,,,0,0,0,0,,,,,,
三峰結華メロウビート・スローダウン1凸,三峰結華,メロウビート・スローダウン,1凸,106,191,106,0,2,0,0,,,,,,,0,0,0,0,,,,,,
三峰結華メロウビート・スローダウン2凸,三峰結華,メロウビート・スローダウン,2凸,112,202,112,0,2,0,0,,,,,,,0,0,0,0,,,,,,
三峰結華メロウビート・スローダウン3凸,三峰結華,メロウビート・スローダウン,3凸,118,213,118,0,2,0,0,,,,,,,0,0,0,0,,,,,,
三峰結華メロウビート・スローダウン4凸,三峰結華,メロウビート・スローダウン,4凸,125,225,125,0,2,0,0,,,,,,,0,0,0,0,,,,,,
幽谷霧子霧・霧・奇・譚0凸,幽谷霧子,霧・霧・奇・譚,0凸,180,130,130,2.5,0,0,0,,,,,,,0,0,0,0,,,,,,
幽谷霧子霧・霧・奇・譚1凸,幽谷霧子,霧・霧・奇・譚,1凸,191,138,138,2.5,0,0,0,,,,,,,0,0,0,0,,,,,,
幽谷霧子霧・霧・奇・譚2凸,幽谷霧子,霧・霧・奇・譚,2凸,202,146,146,2.5,0,0,0,,,,,,,0,0,0,0,,,,,,
幽谷霧子霧・霧・奇・譚3凸,幽谷霧子,霧・霧・奇・譚,3凸,213,154,154,2.5,0,0,0,,,,,,,0,0,0,0,,,,,,
幽谷霧子霧・霧・奇・譚4凸,幽谷霧子,霧・霧・奇・譚,4凸,225,162,162,2.5,0,0,0,,,,,,,0,0,0,0,,,,,,
幽谷霧子娘・娘・謹・賀0凸,幽谷霧子,娘・娘・謹・賀,0凸,132,155,132,0,2.6,0,0,,,,,,,0,0,0,0,,,,,,
幽谷霧子娘・娘・謹・賀1凸,幽谷霧子,娘・娘・謹・賀,1凸,140,164,140,0,2.6,0,0,,,,,,,0,0,0,0,,,,,,
幽谷霧子娘・娘・謹・賀2凸,幽谷霧子,娘・娘・謹・賀,2凸,148,174,148,0,2.8,0,0,,,,,,,0,0,0,0,,,,,,
幽谷霧子娘・娘・謹・賀3凸,幽谷霧子,娘・娘・謹・賀,3凸,156,184,156,0,2.8,0,0,,,,,,,0,0,0,0,,,,,,
幽谷霧子娘・娘・謹・賀4凸,幽谷霧子,娘・娘・謹・賀,4凸,165,194,165,0,3,0,0,,,,,,,0,0,0,0,,,,,,
幽谷霧子潜・潜・夏・娘0凸,幽谷霧子,潜・潜・夏・娘,0凸,125,125,212,0,0,2.5,0,,,,,,,2.5,2.5,2.5,0,,,,,,
幽谷霧子潜・潜・夏・娘1凸,幽谷霧子,潜・潜・夏・娘,1凸,132,132,225,0,0,2.5,0,,,,,,,2.5,2.5,2.5,0,,,,,,
幽谷霧子潜・潜・夏・娘2凸,幽谷霧子,潜・潜・夏・娘,2凸,140,140,239,0,0,2.5,0,,,,,,,2.5,2.5,2.5,0,,,,,,
幽谷霧子潜・潜・夏・娘3凸,幽谷霧子,潜・潜・夏・娘,3凸,148,148,252,0,0,2.5,0,,,,,,,2.5,2.5,2.5,0,,,,,,
幽谷霧子潜・潜・夏・娘4凸,幽谷霧子,潜・潜・夏・娘,4凸,156,156,266,0,0,2.5,0,,,,,,,2.5,2.5,2.5,0,,,,,,
幽谷霧子娘・娘・金・魚0凸,幽谷霧子,娘・娘・金・魚,0凸,100,125,150,0,0,2,0,,,,,,,2,2,2,0,,,,,,
幽谷霧子娘・娘・金・魚1凸,幽谷霧子,娘・娘・金・魚,1凸,106,132,159,0,0,2,0,,,,,,,2,2,2,0,,,,,,
幽谷霧子娘・娘・金・魚2凸,幽谷霧子,娘・娘・金・魚,2凸,112,140,169,0,0,2,0,,,,,,,2,2,2,0,,,,,,
幽谷霧子娘・娘・金・魚3凸,幽谷霧子,娘・娘・金・魚,3凸,118,148,178,0,0,2,0,,,,,,,2,2,2,0,,,,,,
幽谷霧子娘・娘・金・魚4凸,幽谷霧子,娘・娘・金・魚,4凸,125,156,188,0,0,2,0,,,,,,,2,2,2,0,,,,,,
小宮果穂ヒーローインザパーク0凸,小宮果穂,ヒーローインザパーク,0凸,150,150,150,0,0,2.5,0,,,,,,,2.5,2.5,2.5,0,,,,,,
小宮果穂ヒーローインザパーク1凸,小宮果穂,ヒーローインザパーク,1凸,159,159,159,0,0,2.5,0,,,,,,,2.5,2.5,2.5,0,,,,,,
小宮果穂ヒーローインザパーク2凸,小宮果穂,ヒーローインザパーク,2凸,168,168,169,0,0,2.5,0,,,,,,,2.5,2.5,2.5,0,,,,,,
小宮果穂ヒーローインザパーク3凸,小宮果穂,ヒーローインザパーク,3凸,177,177,178,0,0,2.5,0,,,,,,,2.5,2.5,2.5,0,,,,,,
小宮果穂ヒーローインザパーク4凸,小宮果穂,ヒーローインザパーク,4凸,187,187,188,0,0,2.5,0,,,,,,,2.5,2.5,2.5,0,,,,,,
小宮果穂雨のち、マイヒーロー0凸,小宮果穂,雨のち、マイヒーロー,0凸,230,120,120,2.5,0,0,0,,,,,,,0,0,0,0,,,,,,
小宮果穂雨のち、マイヒーロー1凸,小宮果穂,雨のち、マイヒーロー,1凸,240,127,127,2.5,0,0,0,,,,,,,0,0,0,0,,,,,,
小宮果穂雨のち、マイヒーロー2凸,小宮果穂,雨のち、マイヒーロー,2凸,250,135,135,2.5,0,0,0,,,,,,,0,0,0,0,,,,,,
小宮果穂雨のち、マイヒーロー3凸,小宮果穂,雨のち、マイヒーロー,3凸,260,142,142,2.5,0,0,0,,,,,,,0,0,0,0,,,,,,
小宮果穂雨のち、マイヒーロー4凸,小宮果穂,雨のち、マイヒーロー,4凸,270,150,150,2.5,0,0,0,,,,,,,0,0,0,0,,,,,,
小宮果穂鉄板★絶品★海の家0凸,小宮果穂,鉄板★絶品★海の家,0凸,132,132,155,0,0,2.6,0,,,,,,,2.6,2.6,2.6,0,,,,,,
小宮果穂鉄板★絶品★海の家1凸,小宮果穂,鉄板★絶品★海の家,1凸,140,140,164,0,0,2.6,0,,,,,,,2.6,2.6,2.6,0,,,,,,
小宮果穂鉄板★絶品★海の家2凸,小宮果穂,鉄板★絶品★海の家,2凸,148,148,174,0,0,2.8,0,,,,,,,2.8,2.8,2.8,0,,,,,,
小宮果穂鉄板★絶品★海の家3凸,小宮果穂,鉄板★絶品★海の家,3凸,156,156,184,0,0,2.8,0,,,,,,,2.8,2.8,2.8,0,,,,,,
小宮果穂鉄板★絶品★海の家4凸,小宮果穂,鉄板★絶品★海の家,4凸,165,165,194,0,0,3,0,,,,,,,3,3,3,0,,,,,,
小宮果穂放課後スノーガールズ！0凸,小宮果穂,放課後スノーガールズ！,0凸,175,100,100,2,0,0,0,,,,,,,0,0,0,0,,,,,,
小宮果穂放課後スノーガールズ！1凸,小宮果穂,放課後スノーガールズ！,1凸,185,106,106,2,0,0,0,,,,,,,0,0,0,0,,,,,,
小宮果穂放課後スノーガールズ！2凸,小宮果穂,放課後スノーガールズ！,2凸,196,112,112,2,0,0,0,,,,,,,0,0,0,0,,,,,,
小宮果穂放課後スノーガールズ！3凸,小宮果穂,放課後スノーガールズ！,3凸,207,118,118,2,0,0,0,,,,,,,0,0,0,0,,,,,,
小宮果穂放課後スノーガールズ！4凸,小宮果穂,放課後スノーガールズ！,4凸,218,125,125,2,0,0,0,,,,,,,0,0,0,0,,,,,,
園田智代子桜餅マスター……？0凸,園田智代子,桜餅マスター……？,0凸,140,175,140,0,2.5,0,0,,,,,,,0,0,0,0,,,,,,
園田智代子桜餅マスター……？1凸,園田智代子,桜餅マスター……？,1凸,148,185,148,0,2.5,0,0,,,,,,,0,0,0,0,,,,,,
園田智代子桜餅マスター……？2凸,園田智代子,桜餅マスター……？,2凸,157,196,157,0,2.5,0,0,,,,,,,0,0,0,0,,,,,,
園田智代子桜餅マスター……？3凸,園田智代子,桜餅マスター……？,3凸,166,207,166,0,2.5,0,0,,,,,,,0,0,0,0,,,,,,
園田智代子桜餅マスター……？4凸,園田智代子,桜餅マスター……？,4凸,175,218,175,0,2.5,0,0,,,,,,,0,0,0,0,,,,,,
園田智代子放課後★肝試しパニック0凸,園田智代子,放課後★肝試しパニック,0凸,140,140,175,0,0,2.5,0,,,,,,,2.5,2.5,2.5,0,,,,,,
園田智代子放課後★肝試しパニック1凸,園田智代子,放課後★肝試しパニック,1凸,148,148,185,0,0,2.5,0,,,,,,,2.5,2.5,2.5,0,,,,,,
園田智代子放課後★肝試しパニック2凸,園田智代子,放課後★肝試しパニック,2凸,157,157,196,0,0,2.5,0,,,,,,,2.5,2.5,2.5,0,,,,,,
園田智代子放課後★肝試しパニック3凸,園田智代子,放課後★肝試しパニック,3凸,166,166,207,0,0,2.5,0,,,,,,,2.5,2.5,2.5,0,,,,,,
園田智代子放課後★肝試しパニック4凸,園田智代子,放課後★肝試しパニック,4凸,175,175,218,0,0,2.5,0,,,,,,,2.5,2.5,2.5,0,,,,,,
園田智代子紅蘭偉魔空珠に挑め！0凸,園田智代子,紅蘭偉魔空珠に挑め！,0凸,164,120,155,2.6,0,0,0,,,,,,,0,0,0,0,,,,,,
園田智代子紅蘭偉魔空珠に挑め！1凸,園田智代子,紅蘭偉魔空珠に挑め！,1凸,172,129,162,2.6,0,0,0,,,,,,,0,0,0,0,,,,,,
園田智代子紅蘭偉魔空珠に挑め！2凸,園田智代子,紅蘭偉魔空珠に挑め！,2凸,181,139,170,2.8,0,0,0,,,,,,,0,0,0,0,,,,,,
園田智代子紅蘭偉魔空珠に挑め！3凸,園田智代子,紅蘭偉魔空珠に挑め！,3凸,189,148,177,2.8,0,0,0,,,,,,,0,0,0,0,,,,,,
園田智代子紅蘭偉魔空珠に挑め！4凸,園田智代子,紅蘭偉魔空珠に挑め！,4凸,198,158,185,3,0,0,0,,,,,,,0,0,0,0,,,,,,
園田智代子迷走チョコロード0凸,園田智代子,迷走チョコロード,0凸,150,150,100,2,0,0,0,,,,,,,0,0,0,0,,,,,,
園田智代子迷走チョコロード1凸,園田智代子,迷走チョコロード,1凸,159,159,106,2,0,0,0,,,,,,,0,0,0,0,,,,,,
園田智代子迷走チョコロード2凸,園田智代子,迷走チョコロード,2凸,168,168,112,2,0,0,0,,,,,,,0,0,0,0,,,,,,
園田智代子迷走チョコロード3凸,園田智代子,迷走チョコロード,3凸,177,177,118,2,0,0,0,,,,,,,0,0,0,0,,,,,,
園田智代子迷走チョコロード4凸,園田智代子,迷走チョコロード,4凸,187,187,125,2,0,0,0,,,,,,,0,0,0,0,,,,,,
園田智代子Best☆Great☆サマー！0凸,園田智代子,Best☆Great☆サマー！,0凸,124,112,112,2,0,0,0,,,,,,,0,0,0,0,,,,,,
園田智代子Best☆Great☆サマー！1凸,園田智代子,Best☆Great☆サマー！,1凸,131,119,119,2,0,0,0,,,,,,,0,0,0,0,,,,,,
園田智代子Best☆Great☆サマー！2凸,園田智代子,Best☆Great☆サマー！,2凸,139,126,126,2,0,0,0,,,,,,,0,0,0,0,,,,,,
園田智代子Best☆Great☆サマー！3凸,園田智代子,Best☆Great☆サマー！,3凸,147,133,133,2,0,0,0,,,,,,,0,0,0,0,,,,,,
園田智代子Best☆Great☆サマー！4凸,園田智代子,Best☆Great☆サマー！,4凸,155,140,140,2,0,0,0,,,,,,,0,0,0,0,,,,,,
園田智代子ぐるもこ・まふ×20凸,園田智代子,ぐるもこ・まふ×2,0凸,100,125,150,0,0,2,0,,,,,,,2,2,2,0,,,,,,
園田智代子ぐるもこ・まふ×21凸,園田智代子,ぐるもこ・まふ×2,1凸,106,132,159,0,0,2,0,,,,,,,2,2,2,0,,,,,,
園田智代子ぐるもこ・まふ×22凸,園田智代子,ぐるもこ・まふ×2,2凸,112,140,169,0,0,2,0,,,,,,,2,2,2,0,,,,,,
園田智代子ぐるもこ・まふ×23凸,園田智代子,ぐるもこ・まふ×2,3凸,118,148,178,0,0,2,0,,,,,,,2,2,2,0,,,,,,
園田智代子ぐるもこ・まふ×24凸,園田智代子,ぐるもこ・まふ×2,4凸,124,156,188,0,0,2,0,,,,,,,2,2,2,0,,,,,,
西城樹里未知なるFROZEN0凸,西城樹里,未知なるFROZEN,0凸,175,138,138,2.5,0,0,0,,,,,,,0,0,0,0,,,,,,
西城樹里未知なるFROZEN1凸,西城樹里,未知なるFROZEN,1凸,185,146,146,2.5,0,0,0,,,,,,,0,0,0,0,,,,,,
西城樹里未知なるFROZEN2凸,西城樹里,未知なるFROZEN,2凸,196,155,155,2.5,0,0,0,,,,,,,0,0,0,0,,,,,,
西城樹里未知なるFROZEN3凸,西城樹里,未知なるFROZEN,3凸,207,163,163,2.5,0,0,0,,,,,,,0,0,0,0,,,,,,
西城樹里未知なるFROZEN4凸,西城樹里,未知なるFROZEN,4凸,218,172,172,2.5,0,0,0,,,,,,,0,0,0,0,,,,,,
西城樹里スリープオーバーベイビー0凸,西城樹里,スリープオーバーベイビー,0凸,120,180,120,0,2.5,0,0,,,,,,,0,0,0,0,,,,,,
西城樹里スリープオーバーベイビー1凸,西城樹里,スリープオーバーベイビー,1凸,127,191,127,0,2.5,0,0,,,,,,,0,0,0,0,,,,,,
西城樹里スリープオーバーベイビー2凸,西城樹里,スリープオーバーベイビー,2凸,135,202,135,0,2.5,0,0,,,,,,,0,0,0,0,,,,,,
西城樹里スリープオーバーベイビー3凸,西城樹里,スリープオーバーベイビー,3凸,142,213,142,0,2.5,0,0,,,,,,,0,0,0,0,,,,,,
西城樹里スリープオーバーベイビー4凸,西城樹里,スリープオーバーベイビー,4凸,150,225,150,0,2.5,0,0,,,,,,,0,0,0,0,,,,,,
西城樹里意地っ張りサンセット0凸,西城樹里,意地っ張りサンセット,0凸,112,138,112,0,2,0,0,,,,,,,0,0,0,0,,,,,,
西城樹里意地っ張りサンセット1凸,西城樹里,意地っ張りサンセット,1凸,119,146,119,0,2,0,0,,,,,,,0,0,0,0,,,,,,
西城樹里意地っ張りサンセット2凸,西城樹里,意地っ張りサンセット,2凸,126,155,126,0,2,0,0,,,,,,,0,0,0,0,,,,,,
西城樹里意地っ張りサンセット3凸,西城樹里,意地っ張りサンセット,3凸,133,163,133,0,2,0,0,,,,,,,0,0,0,0,,,,,,
西城樹里意地っ張りサンセット4凸,西城樹里,意地っ張りサンセット,4凸,140,172,140,0,2,0,0,,,,,,,0,0,0,0,,,,,,
杜野凛世ふれんど日和0凸,杜野凛世,ふれんど日和,0凸,120,120,240,0,0,2.5,0,,,,,,,2.5,2.5,2.5,0,,,,,,
杜野凛世ふれんど日和1凸,杜野凛世,ふれんど日和,1凸,127,127,255,0,0,2.5,0,,,,,,,2.5,2.5,2.5,0,,,,,,
杜野凛世ふれんど日和2凸,杜野凛世,ふれんど日和,2凸,135,135,270,0,0,2.5,0,,,,,,,2.5,2.5,2.5,0,,,,,,
杜野凛世ふれんど日和3凸,杜野凛世,ふれんど日和,3凸,142,142,285,0,0,2.5,0,,,,,,,2.5,2.5,2.5,0,,,,,,
杜野凛世ふれんど日和4凸,杜野凛世,ふれんど日和,4凸,150,150,300,0,0,2.5,0,,,,,,,2.5,2.5,2.5,0,,,,,,
杜野凛世凛世夕町物語0凸,杜野凛世,凛世夕町物語,0凸,240,120,120,2.5,0,0,0,,,,,,,0,0,0,0,,,,,,
杜野凛世凛世夕町物語1凸,杜野凛世,凛世夕町物語,1凸,255,127,127,2.5,0,0,0,,,,,,,0,0,0,0,,,,,,
杜野凛世凛世夕町物語2凸,杜野凛世,凛世夕町物語,2凸,270,135,135,2.5,0,0,0,,,,,,,0,0,0,0,,,,,,
杜野凛世凛世夕町物語3凸,杜野凛世,凛世夕町物語,3凸,285,142,142,2.5,0,0,0,,,,,,,0,0,0,0,,,,,,
杜野凛世凛世夕町物語4凸,杜野凛世,凛世夕町物語,4凸,300,150,150,2.5,0,0,0,,,,,,,0,0,0,0,,,,,,
杜野凛世常夏CLIMAX0凸,杜野凛世,常夏CLIMAX,0凸,135,150,135,0,2.6,0,0,,,,,,,0,0,0,0,,,,,,
杜野凛世常夏CLIMAX1凸,杜野凛世,常夏CLIMAX,1凸,143,159,143,0,2.6,0,0,,,,,,,0,0,0,0,,,,,,
杜野凛世常夏CLIMAX2凸,杜野凛世,常夏CLIMAX,2凸,151,169,151,0,2.8,0,0,,,,,,,0,0,0,0,,,,,,
杜野凛世常夏CLIMAX3凸,杜野凛世,常夏CLIMAX,3凸,159,178,159,0,2.8,0,0,,,,,,,0,0,0,0,,,,,,
杜野凛世常夏CLIMAX4凸,杜野凛世,常夏CLIMAX,4凸,168,188,168,0,3,0,0,,,,,,,0,0,0,0,,,,,,
有栖川夏葉#ナッツ・チョコジェリー0凸,有栖川夏葉,#ナッツ・チョコジェリー,0凸,138,138,175,0,0,2.5,0,,,,,,,2.5,2.5,2.5,0,,,,,,
有栖川夏葉#ナッツ・チョコジェリー1凸,有栖川夏葉,#ナッツ・チョコジェリー,1凸,146,146,185,0,0,2.5,0,,,,,,,2.5,2.5,2.5,0,,,,,,
有栖川夏葉#ナッツ・チョコジェリー2凸,有栖川夏葉,#ナッツ・チョコジェリー,2凸,155,155,196,0,0,2.5,0,,,,,,,2.5,2.5,2.5,0,,,,,,
有栖川夏葉#ナッツ・チョコジェリー3凸,有栖川夏葉,#ナッツ・チョコジェリー,3凸,163,163,207,0,0,2.5,0,,,,,,,2.5,2.5,2.5,0,,,,,,
有栖川夏葉#ナッツ・チョコジェリー4凸,有栖川夏葉,#ナッツ・チョコジェリー,4凸,172,172,218,0,0,2.5,0,,,,,,,2.5,2.5,2.5,0,,,,,,
有栖川夏葉熱血指導！0凸,有栖川夏葉,熱血指導！,0凸,120,240,120,2.5,0,0,0,,,,,,,0,0,0,0,,,,,,
有栖川夏葉熱血指導！1凸,有栖川夏葉,熱血指導！,1凸,127,255,127,2.5,0,0,0,,,,,,,0,0,0,0,,,,,,
有栖川夏葉熱血指導！2凸,有栖川夏葉,熱血指導！,2凸,135,270,135,2.5,0,0,0,,,,,,,0,0,0,0,,,,,,
有栖川夏葉熱血指導！3凸,有栖川夏葉,熱血指導！,3凸,142,285,142,2.5,0,0,0,,,,,,,0,0,0,0,,,,,,
有栖川夏葉熱血指導！4凸,有栖川夏葉,熱血指導！,4凸,150,300,150,2.5,0,0,0,,,,,,,0,0,0,0,,,,,,
有栖川夏葉月刊CLIMAX0凸,有栖川夏葉,月刊CLIMAX,0凸,175,138,138,2.5,0,0,0,,,,,,,0,0,0,0,,,,,,
有栖川夏葉月刊CLIMAX1凸,有栖川夏葉,月刊CLIMAX,1凸,185,146,146,2.5,0,0,0,,,,,,,0,0,0,0,,,,,,
有栖川夏葉月刊CLIMAX2凸,有栖川夏葉,月刊CLIMAX,2凸,196,155,155,2.5,0,0,0,,,,,,,0,0,0,0,,,,,,
有栖川夏葉月刊CLIMAX3凸,有栖川夏葉,月刊CLIMAX,3凸,207,163,163,2.5,0,0,0,,,,,,,0,0,0,0,,,,,,
有栖川夏葉月刊CLIMAX4凸,有栖川夏葉,月刊CLIMAX,4凸,218,172,172,2.5,0,0,0,,,,,,,0,0,0,0,,,,,,
有栖川夏葉遊びも本気で0凸,有栖川夏葉,遊びも本気で,0凸,150,145,124,2.6,0,0,0,,,,,,,0,0,0,0,,,,,,
有栖川夏葉遊びも本気で1凸,有栖川夏葉,遊びも本気で,1凸,159,154,131,2.6,0,0,0,,,,,,,0,0,0,0,,,,,,
有栖川夏葉遊びも本気で2凸,有栖川夏葉,遊びも本気で,2凸,168,163,139,2.8,0,0,0,,,,,,,0,0,0,0,,,,,,
有栖川夏葉遊びも本気で3凸,有栖川夏葉,遊びも本気で,3凸,177,172,147,2.8,0,0,0,,,,,,,0,0,0,0,,,,,,
有栖川夏葉遊びも本気で4凸,有栖川夏葉,遊びも本気で,4凸,187,182,155,3,0,0,0,,,,,,,0,0,0,0,,,,,,
有栖川夏葉虹待ちレインドロップ0凸,有栖川夏葉,虹待ちレインドロップ,0凸,112,115,138,0,0,2,0,,,,,,,2,2,2,0,,,,,,
有栖川夏葉虹待ちレインドロップ1凸,有栖川夏葉,虹待ちレインドロップ,1凸,119,132,146,0,0,2,0,,,,,,,2,2,2,0,,,,,,
有栖川夏葉虹待ちレインドロップ2凸,有栖川夏葉,虹待ちレインドロップ,2凸,126,140,155,0,0,2,0,,,,,,,2,2,2,0,,,,,,
有栖川夏葉虹待ちレインドロップ3凸,有栖川夏葉,虹待ちレインドロップ,3凸,133,148,163,0,0,2,0,,,,,,,2,2,2,0,,,,,,
有栖川夏葉虹待ちレインドロップ4凸,有栖川夏葉,虹待ちレインドロップ,4凸,140,156,172,0,0,2,0,,,,,,,2,2,2,0,,,,,,
大崎甘奈幸せのりんご飴0凸,大崎甘奈,幸せのりんご飴,0凸,132,150,132,0,2.6,0,0,,,,,,,0,0,0,0,,,,,,
大崎甘奈幸せのりんご飴1凸,大崎甘奈,幸せのりんご飴,1凸,140,159,140,0,2.6,0,0,,,,,,,0,0,0,0,,,,,,
大崎甘奈幸せのりんご飴2凸,大崎甘奈,幸せのりんご飴,2凸,148,168,148,0,2.8,0,0,,,,,,,0,0,0,0,,,,,,
大崎甘奈幸せのりんご飴3凸,大崎甘奈,幸せのりんご飴,3凸,156,177,156,0,2.8,0,0,,,,,,,0,0,0,0,,,,,,
大崎甘奈幸せのりんご飴4凸,大崎甘奈,幸せのりんご飴,4凸,165,187,165,0,3,0,0,,,,,,,0,0,0,0,,,,,,
大崎甘奈まだ……寝ないから……0凸,大崎甘奈,まだ……寝ないから……,0凸,140,170,140,0,2.5,0,0,,,,,,,0,0,0,0,,,,,,
大崎甘奈まだ……寝ないから……1凸,大崎甘奈,まだ……寝ないから……,1凸,148,180,148,0,2.5,0,0,,,,,,,0,0,0,0,,,,,,
大崎甘奈まだ……寝ないから……2凸,大崎甘奈,まだ……寝ないから……,2凸,157,191,157,0,2.5,0,0,,,,,,,0,0,0,0,,,,,,
大崎甘奈まだ……寝ないから……3凸,大崎甘奈,まだ……寝ないから……,3凸,166,201,166,0,2.5,0,0,,,,,,,0,0,0,0,,,,,,
大崎甘奈まだ……寝ないから……4凸,大崎甘奈,まだ……寝ないから……,4凸,175,212,175,0,2.5,0,0,,,,,,,0,0,0,0,,,,,,
大崎甘奈お菓子なティータイム0凸,大崎甘奈,お菓子なティータイム,0凸,170,138,155,0,0,2.5,0,,,,,,,2.5,2.5,2.5,0,,,,,,
大崎甘奈お菓子なティータイム1凸,大崎甘奈,お菓子なティータイム,1凸,180,146,164,0,0,2.5,0,,,,,,,2.5,2.5,2.5,0,,,,,,
大崎甘奈お菓子なティータイム2凸,大崎甘奈,お菓子なティータイム,2凸,191,155,174,0,0,2.5,0,,,,,,,2.5,2.5,2.5,0,,,,,,
大崎甘奈お菓子なティータイム3凸,大崎甘奈,お菓子なティータイム,3凸,201,163,184,0,0,2.5,0,,,,,,,2.5,2.5,2.5,0,,,,,,
大崎甘奈お菓子なティータイム4凸,大崎甘奈,お菓子なティータイム,4凸,212,172,194,0,0,2.5,0,,,,,,,2.5,2.5,2.5,0,,,,,,
大崎甘奈ハッピーの答えはどこに？0凸,大崎甘奈,ハッピーの答えはどこに？,0凸,125,125,160,0,0,2.6,0,,,,,,,2.6,2.6,2.6,0,,,,,,
大崎甘奈ハッピーの答えはどこに？1凸,大崎甘奈,ハッピーの答えはどこに？,1凸,132,132,170,0,0,2.6,0,,,,,,,2.6,2.6,2.6,0,,,,,,
大崎甘奈ハッピーの答えはどこに？2凸,大崎甘奈,ハッピーの答えはどこに？,2凸,140,140,180,0,0,2.8,0,,,,,,,2.8,2.8,2.8,0,,,,,,
大崎甘奈ハッピーの答えはどこに？3凸,大崎甘奈,ハッピーの答えはどこに？,3凸,147,147,190,0,0,2.8,0,,,,,,,2.8,2.8,2.8,0,,,,,,
大崎甘奈ハッピーの答えはどこに？4凸,大崎甘奈,ハッピーの答えはどこに？,4凸,155,155,200,0,0,3,0,,,,,,,3,3,3,0,,,,,,
大崎甜花彩りファッションドール0凸,大崎甜花,彩りファッションドール,0凸,180,120,180,0,0,2.5,0,,,,,,,2.5,2.5,2.5,0,,,,,,
大崎甜花彩りファッションドール1凸,大崎甜花,彩りファッションドール,1凸,191,127,191,0,0,2.5,0,,,,,,,2.5,2.5,2.5,0,,,,,,
大崎甜花彩りファッションドール2凸,大崎甜花,彩りファッションドール,2凸,202,135,202,0,0,2.5,0,,,,,,,2.5,2.5,2.5,0,,,,,,
大崎甜花彩りファッションドール3凸,大崎甜花,彩りファッションドール,3凸,213,142,213,0,0,2.5,0,,,,,,,2.5,2.5,2.5,0,,,,,,
大崎甜花彩りファッションドール4凸,大崎甜花,彩りファッションドール,4凸,225,150,225,0,0,2.5,0,,,,,,,2.5,2.5,2.5,0,,,,,,
大崎甜花身支度はお任せ☆0凸,大崎甜花,身支度はお任せ☆,0凸,155,155,170,0,0,2.5,0,,,,,,,2.5,2.5,2.5,0,,,,,,
大崎甜花身支度はお任せ☆1凸,大崎甜花,身支度はお任せ☆,1凸,164,164,180,0,0,2.5,0,,,,,,,2.5,2.5,2.5,0,,,,,,
大崎甜花身支度はお任せ☆2凸,大崎甜花,身支度はお任せ☆,2凸,174,174,195,0,0,2.5,0,,,,,,,2.5,2.5,2.5,0,,,,,,
大崎甜花身支度はお任せ☆3凸,大崎甜花,身支度はお任せ☆,3凸,184,184,201,0,0,2.5,0,,,,,,,2.5,2.5,2.5,0,,,,,,
大崎甜花身支度はお任せ☆4凸,大崎甜花,身支度はお任せ☆,4凸,194,194,212,0,0,2.5,0,,,,,,,2.5,2.5,2.5,0,,,,,,
大崎甜花かしまし、みっつの願いごと0凸,大崎甜花,かしまし、みっつの願いごと,0凸,180,135,135,2.5,0,0,0,,,,,,,0,0,0,0,,,,,,
大崎甜花かしまし、みっつの願いごと1凸,大崎甜花,かしまし、みっつの願いごと,1凸,191,143,143,2.5,0,0,0,,,,,,,0,0,0,0,,,,,,
大崎甜花かしまし、みっつの願いごと2凸,大崎甜花,かしまし、みっつの願いごと,2凸,202,152,152,2.5,0,0,0,,,,,,,0,0,0,0,,,,,,
大崎甜花かしまし、みっつの願いごと3凸,大崎甜花,かしまし、みっつの願いごと,3凸,213,161,161,2.5,0,0,0,,,,,,,0,0,0,0,,,,,,
大崎甜花かしまし、みっつの願いごと4凸,大崎甜花,かしまし、みっつの願いごと,4凸,225,170,170,2.5,0,0,0,,,,,,,0,0,0,0,,,,,,
大崎甜花トゥインクル・トゥインクル0凸,大崎甜花,トゥインクル・トゥインクル,0凸,140,160,135,0,2.6,0,0,,,,,,,0,0,0,0,,,,,,
大崎甜花トゥインクル・トゥインクル1凸,大崎甜花,トゥインクル・トゥインクル,1凸,148,170,143,0,2.6,0,0,,,,,,,0,0,0,0,,,,,,
大崎甜花トゥインクル・トゥインクル2凸,大崎甜花,トゥインクル・トゥインクル,2凸,157,180,152,0,2.8,0,0,,,,,,,0,0,0,0,,,,,,
大崎甜花トゥインクル・トゥインクル3凸,大崎甜花,トゥインクル・トゥインクル,3凸,166,190,161,0,2.8,0,0,,,,,,,0,0,0,0,,,,,,
大崎甜花トゥインクル・トゥインクル4凸,大崎甜花,トゥインクル・トゥインクル,4凸,175,200,170,0,3,0,0,,,,,,,0,0,0,0,,,,,,
桑山千雪先生のお時間0凸,桑山千雪,先生のお時間,0凸,162,138,138,2.5,0,0,0,,,,,,,0,0,0,0,,,,,,
桑山千雪先生のお時間1凸,桑山千雪,先生のお時間,1凸,172,146,146,2.5,0,0,0,,,,,,,0,0,0,0,,,,,,
桑山千雪先生のお時間2凸,桑山千雪,先生のお時間,2凸,182,155,155,2.5,0,0,0,,,,,,,0,0,0,0,,,,,,
桑山千雪先生のお時間3凸,桑山千雪,先生のお時間,3凸,192,163,163,2.5,0,0,0,,,,,,,0,0,0,0,,,,,,
桑山千雪先生のお時間4凸,桑山千雪,先生のお時間,4凸,203,172,172,2.5,0,0,0,,,,,,,0,0,0,0,,,,,,
桑山千雪永遠のCarol0凸,桑山千雪,永遠のCarol,0凸,135,180,135,0,2.5,0,0,,,,,,,0,0,0,0,,,,,,
桑山千雪永遠のCarol1凸,桑山千雪,永遠のCarol,1凸,143,191,143,0,2.5,0,0,,,,,,,0,0,0,0,,,,,,
桑山千雪永遠のCarol2凸,桑山千雪,永遠のCarol,2凸,152,202,152,0,2.5,0,0,,,,,,,0,0,0,0,,,,,,
桑山千雪永遠のCarol3凸,桑山千雪,永遠のCarol,3凸,159,211,159,0,2.5,0,0,,,,,,,0,0,0,0,,,,,,
桑山千雪永遠のCarol4凸,桑山千雪,永遠のCarol,4凸,170,225,170,0,2.5,0,0,,,,,,,0,0,0,0,,,,,,
桑山千雪トキ・メキ・タコさん0凸,桑山千雪,トキ・メキ・タコさん,0凸,132,132,150,0,0,2.6,0,,,,,,,2.6,2.6,2.6,0,,,,,,
桑山千雪トキ・メキ・タコさん1凸,桑山千雪,トキ・メキ・タコさん,1凸,140,140,159,0,0,2.6,0,,,,,,,2.6,2.6,2.6,0,,,,,,
桑山千雪トキ・メキ・タコさん2凸,桑山千雪,トキ・メキ・タコさん,2凸,148,148,168,0,0,2.8,0,,,,,,,2.8,2.8,2.8,0,,,,,,
桑山千雪トキ・メキ・タコさん3凸,桑山千雪,トキ・メキ・タコさん,3凸,156,156,177,0,0,2.8,0,,,,,,,2.8,2.8,2.8,0,,,,,,
桑山千雪トキ・メキ・タコさん4凸,桑山千雪,トキ・メキ・タコさん,4凸,165,165,187,0,0,3,0,,,,,,,3,3,3,0,,,,,,
芹沢あさひ腹が減っては遊びはできぬ0凸,芹沢あさひ,腹が減っては遊びはできぬ,0凸,100,175,100,0,2,0,0,,,,,,,0,0,0,0,,,,,,
芹沢あさひ腹が減っては遊びはできぬ1凸,芹沢あさひ,腹が減っては遊びはできぬ,1凸,106,185,106,0,2,0,0,,,,,,,0,0,0,0,,,,,,
芹沢あさひ腹が減っては遊びはできぬ2凸,芹沢あさひ,腹が減っては遊びはできぬ,2凸,112,196,112,0,2,0,0,,,,,,,0,0,0,0,,,,,,
芹沢あさひ腹が減っては遊びはできぬ3凸,芹沢あさひ,腹が減っては遊びはできぬ,3凸,118,207,118,0,2,0,0,,,,,,,0,0,0,0,,,,,,
芹沢あさひ腹が減っては遊びはできぬ4凸,芹沢あさひ,腹が減っては遊びはできぬ,4凸,125,218,125,0,2,0,0,,,,,,,0,0,0,0,,,,,,
黛冬優子スパイシーベリィデコレイト0凸,黛冬優子,スパイシーベリィデコレイト,0凸,138,138,180,0,0,2.5,0,,,,,,,2.5,2.5,2.5,0,,,,,,
黛冬優子スパイシーベリィデコレイト1凸,黛冬優子,スパイシーベリィデコレイト,1凸,146,146,191,0,0,2.5,0,,,,,,,2.5,2.5,2.5,0,,,,,,
黛冬優子スパイシーベリィデコレイト2凸,黛冬優子,スパイシーベリィデコレイト,2凸,155,155,202,0,0,2.5,0,,,,,,,2.5,2.5,2.5,0,,,,,,
黛冬優子スパイシーベリィデコレイト3凸,黛冬優子,スパイシーベリィデコレイト,3凸,163,163,213,0,0,2.5,0,,,,,,,2.5,2.5,2.5,0,,,,,,
黛冬優子スパイシーベリィデコレイト4凸,黛冬優子,スパイシーベリィデコレイト,4凸,172,172,225,0,0,2.5,0,,,,,,,2.5,2.5,2.5,0,,,,,,
和泉愛依なるんじゃん？0凸,和泉愛依,なるんじゃん？,0凸,160,125,125,2.6,0,0,0,,,,,,,0,0,0,0,,,,,,
和泉愛依なるんじゃん？1凸,和泉愛依,なるんじゃん？,1凸,170,132,132,2.6,0,0,0,,,,,,,0,0,0,0,,,,,,
和泉愛依なるんじゃん？2凸,和泉愛依,なるんじゃん？,2凸,180,140,140,2.8,0,0,0,,,,,,,0,0,0,0,,,,,,
和泉愛依なるんじゃん？3凸,和泉愛依,なるんじゃん？,3凸,190,147,147,2.8,0,0,0,,,,,,,0,0,0,0,,,,,,
和泉愛依なるんじゃん？4凸,和泉愛依,なるんじゃん？,4凸,200,155,155,3,0,0,0,,,,,,,0,0,0,0,,,,,,
桑山千雪ウォーム・スノウ0凸,桑山千雪,ウォーム・スノウ,0凸,125,200,125,0,2.5,0,0,,,,,,,0,0,0,0,,,,,,
桑山千雪ウォーム・スノウ1凸,桑山千雪,ウォーム・スノウ,1凸,132,212,132,0,2.5,0,0,,,,,,,0,0,0,0,,,,,,
桑山千雪ウォーム・スノウ2凸,桑山千雪,ウォーム・スノウ,2凸,140,225,140,0,2.5,0,0,,,,,,,0,0,0,0,,,,,,
桑山千雪ウォーム・スノウ3凸,桑山千雪,ウォーム・スノウ,3凸,148,237,148,0,2.5,0,0,,,,,,,0,0,0,0,,,,,,
桑山千雪ウォーム・スノウ4凸,桑山千雪,ウォーム・スノウ,4凸,156,250,156,0,2.5,0,0,,,,,,,0,0,0,0,,,,,,
三峰結華プレゼントなら両手いっぱい0凸,三峰結華,プレゼントなら両手いっぱい,0凸,138,138,186,0,0,2.5,0,,,,,,,2.5,2.5,2.5,0,,,,,,
三峰結華プレゼントなら両手いっぱい1凸,三峰結華,プレゼントなら両手いっぱい,1凸,146,146,198,0,0,2.5,0,,,,,,,2.5,2.5,2.5,0,,,,,,
三峰結華プレゼントなら両手いっぱい2凸,三峰結華,プレゼントなら両手いっぱい,2凸,155,155,210,0,0,2.5,0,,,,,,,2.5,2.5,2.5,0,,,,,,
三峰結華プレゼントなら両手いっぱい3凸,三峰結華,プレゼントなら両手いっぱい,3凸,163,163,222,0,0,2.5,0,,,,,,,2.5,2.5,2.5,0,,,,,,
三峰結華プレゼントなら両手いっぱい4凸,三峰結華,プレゼントなら両手いっぱい,4凸,172,172,234,0,0,2.5,0,,,,,,,2.5,2.5,2.5,0,,,,,,
芹沢あさひプレゼン・バトン！0凸,芹沢あさひ,プレゼン・バトン！,0凸,125,160,125,0,2.6,0,0,,,,,,,0,0,0,0,,,,,,
芹沢あさひプレゼン・バトン！1凸,芹沢あさひ,プレゼン・バトン！,1凸,132,170,132,0,2.6,0,0,,,,,,,0,0,0,0,,,,,,
芹沢あさひプレゼン・バトン！2凸,芹沢あさひ,プレゼン・バトン！,2凸,140,180,140,0,2.8,0,0,,,,,,,0,0,0,0,,,,,,
芹沢あさひプレゼン・バトン！3凸,芹沢あさひ,プレゼン・バトン！,3凸,148,190,148,0,2.8,0,0,,,,,,,0,0,0,0,,,,,,
芹沢あさひプレゼン・バトン！4凸,芹沢あさひ,プレゼン・バトン！,4凸,156,200,156,0,3,0,0,,,,,,,0,0,0,0,,,,,,
園田智代子おあがり←くらいまっくす0凸,園田智代子,おあがり←くらいまっくす,0凸,138,200,138,0,3.1,0,0,,,,,,,0,0,0,0,,,,,,
園田智代子おあがり←くらいまっくす1凸,園田智代子,おあがり←くらいまっくす,1凸,146,212,146,0,3.2,0,0,,,,,,,0,0,0,0,,,,,,
園田智代子おあがり←くらいまっくす2凸,園田智代子,おあがり←くらいまっくす,2凸,155,225,155,0,3.3,0,0,,,,,,,0,0,0,0,,,,,,
園田智代子おあがり←くらいまっくす3凸,園田智代子,おあがり←くらいまっくす,3凸,163,237,163,0,3.4,0,0,,,,,,,0,0,0,0,,,,,,
園田智代子おあがり←くらいまっくす4凸,園田智代子,おあがり←くらいまっくす,4凸,172,250,172,0,3.5,0,0,,,,,,,0,0,0,0,,,,,,
田中摩美々デタラメハッシュタグ0凸,田中摩美々,デタラメハッシュタグ,0凸,130,130,160,0,0,2.6,0,,,,,,,2.6,2.6,2.6,0,,,,,,
田中摩美々デタラメハッシュタグ1凸,田中摩美々,デタラメハッシュタグ,1凸,138,138,170,0,0,2.6,0,,,,,,,2.6,2.6,2.6,0,,,,,,
田中摩美々デタラメハッシュタグ2凸,田中摩美々,デタラメハッシュタグ,2凸,146,146,180,0,0,2.8,0,,,,,,,2.8,2.8,2.8,0,,,,,,
田中摩美々デタラメハッシュタグ3凸,田中摩美々,デタラメハッシュタグ,3凸,154,154,190,0,0,2.8,0,,,,,,,2.8,2.8,2.8,0,,,,,,
田中摩美々デタラメハッシュタグ4凸,田中摩美々,デタラメハッシュタグ,4凸,162,162,200,0,0,3,0,,,,,,,3,3,3,0,,,,,,
黛冬優子ノー墨・勝者フェイス0凸,黛冬優子,ノー墨・勝者フェイス,0凸,250,115,115,2.5,0,0,0,,,,,,,0,0,0,0,,,,,,
黛冬優子ノー墨・勝者フェイス1凸,黛冬優子,ノー墨・勝者フェイス,1凸,266,122,122,2.5,0,0,0,,,,,,,0,0,0,0,,,,,,
黛冬優子ノー墨・勝者フェイス2凸,黛冬優子,ノー墨・勝者フェイス,2凸,281,130,130,2.5,0,0,0,,,,,,,0,0,0,0,,,,,,
黛冬優子ノー墨・勝者フェイス3凸,黛冬優子,ノー墨・勝者フェイス,3凸,297,137,137,2.5,0,0,0,,,,,,,0,0,0,0,,,,,,
黛冬優子ノー墨・勝者フェイス4凸,黛冬優子,ノー墨・勝者フェイス,4凸,312,144,144,2.5,0,0,0,,,,,,,0,0,0,0,,,,,,
芹沢あさひあめ、ゆき、はれ0凸,芹沢あさひ,あめ、ゆき、はれ,0凸,138,180,138,0,2.5,0,0,,,,,,,0,0,0,0,,,,,,
芹沢あさひあめ、ゆき、はれ1凸,芹沢あさひ,あめ、ゆき、はれ,1凸,146,191,146,0,2.5,0,0,,,,,,,0,0,0,0,,,,,,
芹沢あさひあめ、ゆき、はれ2凸,芹沢あさひ,あめ、ゆき、はれ,2凸,155,202,155,0,2.5,0,0,,,,,,,0,0,0,0,,,,,,
芹沢あさひあめ、ゆき、はれ3凸,芹沢あさひ,あめ、ゆき、はれ,3凸,163,211,163,0,2.5,0,0,,,,,,,0,0,0,0,,,,,,
芹沢あさひあめ、ゆき、はれ4凸,芹沢あさひ,あめ、ゆき、はれ,4凸,172,225,172,0,2.5,0,0,,,,,,,0,0,0,0,,,,,,
西城樹里坂道だらけのこの街で0凸,西城樹里,坂道だらけのこの街で,0凸,140,140,140,0,2.6,0,0,,,,,,,0,0,0,0,,,,,,
西城樹里坂道だらけのこの街で1凸,西城樹里,坂道だらけのこの街で,1凸,148,148,148,0,2.6,0,0,,,,,,,0,0,0,0,,,,,,
西城樹里坂道だらけのこの街で2凸,西城樹里,坂道だらけのこの街で,2凸,157,157,157,0,2.8,0,0,,,,,,,0,0,0,0,,,,,,
西城樹里坂道だらけのこの街で3凸,西城樹里,坂道だらけのこの街で,3凸,166,166,166,0,2.8,0,0,,,,,,,0,0,0,0,,,,,,
西城樹里坂道だらけのこの街で4凸,西城樹里,坂道だらけのこの街で,4凸,175,175,175,0,3,0,0,,,,,,,0,0,0,0,,,,,,
幽谷霧子奇・綺・甘・甘0凸,幽谷霧子,奇・綺・甘・甘,0凸,130,180,130,0,2.6,0,0,,,,,,,0,0,0,0,,,,,,
幽谷霧子奇・綺・甘・甘1凸,幽谷霧子,奇・綺・甘・甘,1凸,136,201,136,0,2.7,0,0,,,,,,,0,0,0,0,,,,,,
幽谷霧子奇・綺・甘・甘2凸,幽谷霧子,奇・綺・甘・甘,2凸,143,222,143,0,2.8,0,0,,,,,,,0,0,0,0,,,,,,
幽谷霧子奇・綺・甘・甘3凸,幽谷霧子,奇・綺・甘・甘,3凸,150,243,150,0,2.9,0,0,,,,,,,0,0,0,0,,,,,,
幽谷霧子奇・綺・甘・甘4凸,幽谷霧子,奇・綺・甘・甘,4凸,156,266,156,0,3,0,0,,,,,,,0,0,0,0,,,,,,
櫻木真乃お揃いスナップ0凸,櫻木真乃,お揃いスナップ,0凸,165,165,150,2.5,0,0,0,,,,,,,0,0,0,0,,,,,,
櫻木真乃お揃いスナップ1凸,櫻木真乃,お揃いスナップ,1凸,175,175,159,2.5,0,0,0,,,,,,,0,0,0,0,,,,,,
櫻木真乃お揃いスナップ2凸,櫻木真乃,お揃いスナップ,2凸,185,185,169,2.5,0,0,0,,,,,,,0,0,0,0,,,,,,
櫻木真乃お揃いスナップ3凸,櫻木真乃,お揃いスナップ,3凸,195,195,178,2.5,0,0,0,,,,,,,0,0,0,0,,,,,,
櫻木真乃お揃いスナップ4凸,櫻木真乃,お揃いスナップ,4凸,206,206,188,2.5,0,0,0,,,,,,,0,0,0,0,,,,,,
和泉愛依うち来る?！？0凸,和泉愛依,うち来る?！？,0凸,115,115,250,0,0,3,0,,,,,,,3,3,3,0,,,,,,
和泉愛依うち来る?！？1凸,和泉愛依,うち来る?！？,1凸,122,122,265,0,0,3,0,,,,,,,3,3,3,0,,,,,,
和泉愛依うち来る?！？2凸,和泉愛依,うち来る?！？,2凸,129,129,281,0,0,3,0,,,,,,,3,3,3,0,,,,,,
和泉愛依うち来る?！？3凸,和泉愛依,うち来る?！？,3凸,136,136,296,0,0,3,0,,,,,,,3,3,3,0,,,,,,
和泉愛依うち来る?！？4凸,和泉愛依,うち来る?！？,4凸,144,144,312,0,0,3,0,25,25,25,3,3,3,3,3,3,0,,,,,,
田中摩美々スプリング・フィッシュ0凸,田中摩美々,スプリング・フィッシュ,0凸,175,175,175,0,0,0,3.1,,,,,,,0,0,0,3.1,,,,,,
田中摩美々スプリング・フィッシュ1凸,田中摩美々,スプリング・フィッシュ,1凸,185,185,185,0,0,0,3.2,,,,,,,0,0,0,3.2,,,,,,
田中摩美々スプリング・フィッシュ2凸,田中摩美々,スプリング・フィッシュ,2凸,196,196,196,0,0,0,3.3,,,,,,,0,0,0,3.3,,,,,,
田中摩美々スプリング・フィッシュ3凸,田中摩美々,スプリング・フィッシュ,3凸,207,207,207,0,0,0,3.4,,,,,,,0,0,0,3.4,,,,,,
田中摩美々スプリング・フィッシュ4凸,田中摩美々,スプリング・フィッシュ,4凸,218,218,218,0,0,0,3.5,,,,,,,0,0,0,3.5,,,,,,
杜野凛世夜明けの晩に0凸,杜野凛世,夜明けの晩に,0凸,120,240,120,0,2.5,0,0,,,,,,,0,0,0,0,,,,,,
杜野凛世夜明けの晩に1凸,杜野凛世,夜明けの晩に,1凸,127,255,127,0,2.5,0,0,,,,,,,0,0,0,0,,,,,,
杜野凛世夜明けの晩に2凸,杜野凛世,夜明けの晩に,2凸,135,270,135,0,2.5,0,0,,,,,,,0,0,0,0,,,,,,
杜野凛世夜明けの晩に3凸,杜野凛世,夜明けの晩に,3凸,142,285,142,0,2.5,0,0,,,,,,,0,0,0,0,,,,,,
杜野凛世夜明けの晩に4凸,杜野凛世,夜明けの晩に,4凸,150,300,150,0,2.5,0,0,,,,,,,0,0,0,0,,,,,,
風野灯織宝石色のしおり0凸,風野灯織,宝石色のしおり,0凸,110,172,172,0,1.6,1.6,0,,,,,,,1.6,1.6,1.6,0,,,,,,
風野灯織宝石色のしおり1凸,風野灯織,宝石色のしおり,1凸,117,182,182,0,1.6,1.6,0,,,,,,,1.6,1.6,1.6,0,,,,,,
風野灯織宝石色のしおり2凸,風野灯織,宝石色のしおり,2凸,124,193,193,0,1.7,1.7,0,,,,,,,1.7,1.7,1.7,0,,,,,,
風野灯織宝石色のしおり3凸,風野灯織,宝石色のしおり,3凸,131,204,204,0,1.7,1.7,0,,,,,,,1.7,1.7,1.7,0,,,,,,
風野灯織宝石色のしおり4凸,風野灯織,宝石色のしおり,4凸,138,215,215,0,1.8,1.8,0,,,,,,,1.8,1.8,1.8,0,,,,,,
市川雛菜ROOKIE!0凸,市川雛菜,ROOKIE!,0凸,250,120,120,3,0,0,0,,,,,,,0,0,0,0,,,,,,
市川雛菜ROOKIE!1凸,市川雛菜,ROOKIE!,1凸,265,128,128,3,0,0,0,,,,,,,0,0,0,0,,,,,,
市川雛菜ROOKIE!2凸,市川雛菜,ROOKIE!,2凸,281,136,136,3,0,0,0,,,,,,,0,0,0,0,,,,,,
市川雛菜ROOKIE!3凸,市川雛菜,ROOKIE!,3凸,296,144,144,3,0,0,0,,,,,,,0,0,0,0,,,,,,
市川雛菜ROOKIE!4凸,市川雛菜,ROOKIE!,4凸,312,152,152,3,0,0,0,0,0,0,0,0,0,0,0,0,0,,,,,,
樋口円香游魚0凸,樋口円香,游魚,0凸,160,125,125,2.6,0,0,0,,,,,,,0,0,0,0,,,,,,
樋口円香游魚1凸,樋口円香,游魚,1凸,170,132,132,2.6,0,0,0,,,,,,,0,0,0,0,,,,,,
樋口円香游魚2凸,樋口円香,游魚,2凸,180,140,140,2.8,0,0,0,,,,,,,0,0,0,0,,,,,,
樋口円香游魚3凸,樋口円香,游魚,3凸,190,148,148,2.8,0,0,0,,,,,,,0,0,0,0,,,,,,
樋口円香游魚4凸,樋口円香,游魚,4凸,200,156,156,3,0,0,0,,,,,,,0,0,0,0,,,,,,
芹沢あさひ今日の手は空を切らない0凸,芹沢あさひ,今日の手は空を切らない,0凸,115,250,115,0,3,0,0,,,,,,,0,0,0,0,,,,,,
芹沢あさひ今日の手は空を切らない1凸,芹沢あさひ,今日の手は空を切らない,1凸,122,266,122,0,3,0,0,,,,,,,0,0,0,0,,,,,,
芹沢あさひ今日の手は空を切らない2凸,芹沢あさひ,今日の手は空を切らない,2凸,130,281,130,0,3,0,0,,,,,,,0,0,0,0,,,,,,
芹沢あさひ今日の手は空を切らない3凸,芹沢あさひ,今日の手は空を切らない,3凸,137,297,137,0,3,0,0,,,,,,,0,0,0,0,,,,,,
芹沢あさひ今日の手は空を切らない4凸,芹沢あさひ,今日の手は空を切らない,4凸,144,312,144,0,3,0,0,,,,,,,0,0,0,0,,,,,,
月岡恋鐘晴れ、よかばい?！0凸,月岡恋鐘,晴れ、よかばい?！,0凸,200,100,100,3.1,0,0,0,,,,,,,0,0,0,0,,,,,,
月岡恋鐘晴れ、よかばい?！1凸,月岡恋鐘,晴れ、よかばい?！,1凸,212,106,106,3.2,0,0,0,,,,,,,0,0,0,0,,,,,,
月岡恋鐘晴れ、よかばい?！2凸,月岡恋鐘,晴れ、よかばい?！,2凸,225,112,112,3.3,0,0,0,,,,,,,0,0,0,0,,,,,,
月岡恋鐘晴れ、よかばい?！3凸,月岡恋鐘,晴れ、よかばい?！,3凸,237,119,119,3.4,0,0,0,,,,,,,0,0,0,0,,,,,,
月岡恋鐘晴れ、よかばい?！4凸,月岡恋鐘,晴れ、よかばい?！,4凸,250,125,125,3.5,0,0,0,,,,,,,0,0,0,0,,,,,,
櫻木真乃by to illuminate0凸,櫻木真乃,by to illuminate,0凸,138,138,114,2,0,0,0,,,,,,,0,0,0,0,,,,,,
櫻木真乃by to illuminate1凸,櫻木真乃,by to illuminate,1凸,146,146,121,2,0,0,0,,,,,,,0,0,0,0,,,,,,
櫻木真乃by to illuminate2凸,櫻木真乃,by to illuminate,2凸,155,155,128,2,0,0,0,,,,,,,0,0,0,0,,,,,,
櫻木真乃by to illuminate3凸,櫻木真乃,by to illuminate,3凸,163,163,135,2,0,0,0,,,,,,,0,0,0,0,,,,,,
櫻木真乃by to illuminate4凸,櫻木真乃,by to illuminate,4凸,172,172,143,2,0,0,0,,,,,,,0,0,0,0,,,,,,
大崎甜花見果てぬ先のアヴァロン0凸,大崎甜花,見果てぬ先のアヴァロン,0凸,125,125,200,0,0,3.1,0,,,,,,,3.1,3.1,3.1,0,,,,,,
大崎甜花見果てぬ先のアヴァロン1凸,大崎甜花,見果てぬ先のアヴァロン,1凸,132,132,212,0,0,3.2,0,,,,,,,3.2,3.2,3.2,0,,,,,,
大崎甜花見果てぬ先のアヴァロン2凸,大崎甜花,見果てぬ先のアヴァロン,2凸,140,140,225,0,0,3.3,0,,,,,,,3.3,3.3,3.3,0,,,,,,
大崎甜花見果てぬ先のアヴァロン3凸,大崎甜花,見果てぬ先のアヴァロン,3凸,148,148,237,0,0,3.4,0,,,,,,,3.4,3.4,3.4,0,,,,,,
大崎甜花見果てぬ先のアヴァロン4凸,大崎甜花,見果てぬ先のアヴァロン,4凸,156,156,250,0,0,3.5,0,,,,,,,3.5,3.5,3.5,0,,,,,,
桑山千雪ドゥワッチャラブ！0凸,桑山千雪,ドゥワッチャラブ！,0凸,130,120,170,0,0,2.6,0,,,,,,,2.6,2.6,2.6,0,,,,,,
桑山千雪ドゥワッチャラブ！1凸,桑山千雪,ドゥワッチャラブ！,1凸,138,127,180,0,0,2.6,0,,,,,,,2.6,2.6,2.6,0,,,,,,
桑山千雪ドゥワッチャラブ！2凸,桑山千雪,ドゥワッチャラブ！,2凸,146,135,191,0,0,2.8,0,,,,,,,2.8,2.8,2.8,0,,,,,,
桑山千雪ドゥワッチャラブ！3凸,桑山千雪,ドゥワッチャラブ！,3凸,154,142,201,0,0,2.8,0,,,,,,,2.8,2.8,2.8,0,,,,,,
桑山千雪ドゥワッチャラブ！4凸,桑山千雪,ドゥワッチャラブ！,4凸,162,150,212,0,0,3,0,,,,,,,3,3,3,0,,,,,,
櫻木真乃スプラッシュビート0凸,櫻木真乃,スプラッシュビート,0凸,140,160,150,0,2.6,0,0,,,,,,,0,0,0,0,,,,,,
櫻木真乃スプラッシュビート1凸,櫻木真乃,スプラッシュビート,1凸,148,170,159,0,2.6,0,0,,,,,,,0,0,0,0,,,,,,
櫻木真乃スプラッシュビート2凸,櫻木真乃,スプラッシュビート,2凸,157,180,168,0,2.8,0,0,,,,,,,0,0,0,0,,,,,,
櫻木真乃スプラッシュビート3凸,櫻木真乃,スプラッシュビート,3凸,166,190,177,0,2.8,0,0,,,,,,,0,0,0,0,,,,,,
櫻木真乃スプラッシュビート4凸,櫻木真乃,スプラッシュビート,4凸,175,200,187,0,3,0,0,,,,,,,0,0,0,0,,,,,,
風野灯織クローズ・トゥ・ユー0凸,風野灯織,クローズ・トゥ・ユー,0凸,105,105,135,0,0,2,0,,,,,,,2,2,2,0,,,,,,
風野灯織クローズ・トゥ・ユー1凸,風野灯織,クローズ・トゥ・ユー,1凸,111,111,143,0,0,2,0,,,,,,,2,2,2,0,,,,,,
風野灯織クローズ・トゥ・ユー2凸,風野灯織,クローズ・トゥ・ユー,2凸,117,117,152,0,0,2,0,,,,,,,2,2,2,0,,,,,,
風野灯織クローズ・トゥ・ユー3凸,風野灯織,クローズ・トゥ・ユー,3凸,123,123,161,0,0,2,0,,,,,,,2,2,2,0,,,,,,
風野灯織クローズ・トゥ・ユー4凸,風野灯織,クローズ・トゥ・ユー,4凸,130,130,170,0,0,2,0,,,,,,,2,2,2,0,,,,,,
大崎甘奈Cherry Jerry0凸,大崎甘奈,Cherry Jerry,0凸,180,120,180,0,0,2.6,0,,,,,,,2.6,2.6,2.6,0,,,,,,
大崎甘奈Cherry Jerry1凸,大崎甘奈,Cherry Jerry,1凸,191,127,191,0,0,2.7,0,,,,,,,2.7,2.7,2.7,0,,,,,,
大崎甘奈Cherry Jerry2凸,大崎甘奈,Cherry Jerry,2凸,202,135,202,0,0,2.8,0,,,,,,,2.8,2.8,2.8,0,,,,,,
大崎甘奈Cherry Jerry3凸,大崎甘奈,Cherry Jerry,3凸,213,142,213,0,0,2.9,0,,,,,,,2.9,2.9,2.9,0,,,,,,
大崎甘奈Cherry Jerry4凸,大崎甘奈,Cherry Jerry,4凸,225,150,225,0,0,3,0,,,,,,,3,3,3,0,,,,,,
黛冬優子@ストーリィズ0凸,黛冬優子,@ストーリィズ,0凸,125,125,160,0,0,2.6,0,,,,,,,2.6,2.6,2.6,0,,,,,,
黛冬優子@ストーリィズ1凸,黛冬優子,@ストーリィズ,1凸,132,132,170,0,0,2.6,0,,,,,,,2.6,2.6,2.6,0,,,,,,
黛冬優子@ストーリィズ2凸,黛冬優子,@ストーリィズ,2凸,140,140,180,0,0,2.8,0,,,,,,,2.8,2.8,2.8,0,,,,,,
黛冬優子@ストーリィズ3凸,黛冬優子,@ストーリィズ,3凸,148,148,190,0,0,2.8,0,,,,,,,2.8,2.8,2.8,0,,,,,,
黛冬優子@ストーリィズ4凸,黛冬優子,@ストーリィズ,4凸,156,156,200,0,0,3,0,,,,,,,3,3,3,0,,,,,,
三峰結華おはようと日向に手を振る0凸,三峰結華,おはようと日向に手を振る,0凸,156,132,132,2.6,0,0,0,,,,,,,0,0,0,0,,,,,,
三峰結華おはようと日向に手を振る1凸,三峰結華,おはようと日向に手を振る,1凸,165,140,140,2.6,0,0,0,,,,,,,0,0,0,0,,,,,,
三峰結華おはようと日向に手を振る2凸,三峰結華,おはようと日向に手を振る,2凸,175,148,148,2.8,0,0,0,,,,,,,0,0,0,0,,,,,,
三峰結華おはようと日向に手を振る3凸,三峰結華,おはようと日向に手を振る,3凸,184,156,156,2.8,0,0,0,,,,,,,0,0,0,0,,,,,,
三峰結華おはようと日向に手を振る4凸,三峰結華,おはようと日向に手を振る,4凸,194,165,165,3,0,0,0,,,,,,,0,0,0,0,,,,,,
西城樹里SPACE WHAT?0凸,西城樹里,SPACE WHAT?,0凸,138,138,174,0,0,2.6,0,,,,,,,2.6,2.6,2.6,0,,,,,,
西城樹里SPACE WHAT?1凸,西城樹里,SPACE WHAT?,1凸,146,146,185,0,0,2.7,0,,,,,,,2.7,2.7,2.7,0,,,,,,
西城樹里SPACE WHAT?2凸,西城樹里,SPACE WHAT?,2凸,155,155,196,0,0,2.8,0,,,,,,,2.8,2.8,2.8,0,,,,,,
西城樹里SPACE WHAT?3凸,西城樹里,SPACE WHAT?,3凸,163,163,207,0,0,2.9,0,,,,,,,2.9,2.9,2.9,0,,,,,,
西城樹里SPACE WHAT?4凸,西城樹里,SPACE WHAT?,4凸,172,172,218,0,0,3,0,,,,,,,3,3,3,0,,,,,,
小宮果穂ナツイロ☆アフタースクール0凸,小宮果穂,ナツイロ☆アフタースクール,0凸,140,180,140,0,2.6,0,0,,,,,,,0,0,0,0,,,,,,
小宮果穂ナツイロ☆アフタースクール1凸,小宮果穂,ナツイロ☆アフタースクール,1凸,148,191,148,0,2.7,0,0,,,,,,,0,0,0,0,,,,,,
小宮果穂ナツイロ☆アフタースクール2凸,小宮果穂,ナツイロ☆アフタースクール,2凸,157,202,157,0,2.8,0,0,,,,,,,0,0,0,0,,,,,,
小宮果穂ナツイロ☆アフタースクール3凸,小宮果穂,ナツイロ☆アフタースクール,3凸,166,213,166,0,2.9,0,0,,,,,,,0,0,0,0,,,,,,
小宮果穂ナツイロ☆アフタースクール4凸,小宮果穂,ナツイロ☆アフタースクール,4凸,175,225,175,0,3,0,0,,,,,,,0,0,0,0,,,,,,
有栖川夏葉Sr×Ba×Cu=0凸,有栖川夏葉,Sr×Ba×Cu=,0凸,115,250,115,0,3.1,0,0,,,,,,,0,0,0,0,,,,,,
有栖川夏葉Sr×Ba×Cu=1凸,有栖川夏葉,Sr×Ba×Cu=,1凸,122,265,122,0,3.2,0,0,,,,,,,0,0,0,0,,,,,,
有栖川夏葉Sr×Ba×Cu=2凸,有栖川夏葉,Sr×Ba×Cu=,2凸,129,281,129,0,3.3,0,0,,,,,,,0,0,0,0,,,,,,
有栖川夏葉Sr×Ba×Cu=3凸,有栖川夏葉,Sr×Ba×Cu=,3凸,136,296,136,0,3.4,0,0,,,,,,,0,0,0,0,,,,,,
有栖川夏葉Sr×Ba×Cu=4凸,有栖川夏葉,Sr×Ba×Cu=,4凸,144,312,144,0,3.5,0,0,,,,,,,0,0,0,0,,,,,,
櫻木真乃つむぎ、まばゆく。星屑たち0凸,櫻木真乃,つむぎ、まばゆく。星屑たち,0凸,172,110,172,1.6,0,1.6,0,,,,,,,1.6,1.6,1.6,0,,,,,,
櫻木真乃つむぎ、まばゆく。星屑たち1凸,櫻木真乃,つむぎ、まばゆく。星屑たち,1凸,182,117,182,1.6,0,1.6,0,,,,,,,1.6,1.6,1.6,0,,,,,,
櫻木真乃つむぎ、まばゆく。星屑たち2凸,櫻木真乃,つむぎ、まばゆく。星屑たち,2凸,193,124,193,1.7,0,1.7,0,,,,,,,1.7,1.7,1.7,0,,,,,,
櫻木真乃つむぎ、まばゆく。星屑たち3凸,櫻木真乃,つむぎ、まばゆく。星屑たち,3凸,204,131,204,1.7,0,1.7,0,,,,,,,1.7,1.7,1.7,0,,,,,,
櫻木真乃つむぎ、まばゆく。星屑たち4凸,櫻木真乃,つむぎ、まばゆく。星屑たち,4凸,215,138,215,1.8,0,1.8,0,,,,,,,1.8,1.8,1.8,0,,,,,,
白瀬咲耶シー・イズ0凸,白瀬咲耶,シー・イズ,0凸,115,115,250,0,0,3.1,0,,,,,,,3.1,3.1,3.1,0,,,,,,
白瀬咲耶シー・イズ1凸,白瀬咲耶,シー・イズ,1凸,122,122,266,0,0,3.2,0,,,,,,,3.2,3.2,3.2,0,,,,,,
白瀬咲耶シー・イズ2凸,白瀬咲耶,シー・イズ,2凸,129,129,281,0,0,3.3,0,,,,,,,3.3,3.3,3.3,0,,,,,,
白瀬咲耶シー・イズ3凸,白瀬咲耶,シー・イズ,3凸,136,136,296,0,0,3.4,0,,,,,,,3.4,3.4,3.4,0,,,,,,
白瀬咲耶シー・イズ4凸,白瀬咲耶,シー・イズ,4凸,144,144,312,0,0,3.5,0,,,,,,,3.5,3.5,3.5,0,,,,,,
園田智代子kimagure全力ビート！0凸,園田智代子,kimagure全力ビート！,0凸,175,175,175,0,0,0,3.1,,,,,,,0,0,0,3.1,,,,,,
園田智代子kimagure全力ビート！1凸,園田智代子,kimagure全力ビート！,1凸,185,185,185,0,0,0,3.2,,,,,,,0,0,0,3.2,,,,,,
園田智代子kimagure全力ビート！2凸,園田智代子,kimagure全力ビート！,2凸,196,196,196,0,0,0,3.3,,,,,,,0,0,0,3.3,,,,,,
園田智代子kimagure全力ビート！3凸,園田智代子,kimagure全力ビート！,3凸,207,207,207,0,0,0,3.4,,,,,,,0,0,0,3.4,,,,,,
園田智代子kimagure全力ビート！4凸,園田智代子,kimagure全力ビート！,4凸,218,218,218,0,0,0,3.5,,,,,,,0,0,0,3.5,,,,,,
八宮めぐるアップ・トゥ・ユー0凸,八宮めぐる,アップ・トゥ・ユー,0凸,126,150,174,0,2.1,1.1,0,,,,,,,1.1,1.1,1.1,0,,,,,,
八宮めぐるアップ・トゥ・ユー1凸,八宮めぐる,アップ・トゥ・ユー,1凸,133,159,185,0,2.2,1.2,0,,,,,,,1.2,1.2,1.2,0,,,,,,
八宮めぐるアップ・トゥ・ユー2凸,八宮めぐる,アップ・トゥ・ユー,2凸,141,169,196,0,2.3,1.3,0,,,,,,,1.3,1.3,1.3,0,,,,,,
八宮めぐるアップ・トゥ・ユー3凸,八宮めぐる,アップ・トゥ・ユー,3凸,148,178,207,0,2.4,1.4,0,,,,,,,1.4,1.4,1.4,0,,,,,,
八宮めぐるアップ・トゥ・ユー4凸,八宮めぐる,アップ・トゥ・ユー,4凸,156,188,218,0,2.5,1.5,0,,,,,,,1.5,1.5,1.5,0,,,,,,
福丸小糸パーティーのやくそく0凸,福丸小糸,パーティーのやくそく,0凸,115,115,115,3.1,0,0,0,,,,,,,0,0,0,0,,,,,,
福丸小糸パーティーのやくそく1凸,福丸小糸,パーティーのやくそく,1凸,265,122,122,3.2,0,0,0,,,,,,,0,0,0,0,,,,,,
福丸小糸パーティーのやくそく2凸,福丸小糸,パーティーのやくそく,2凸,281,129,129,3.3,0,0,0,,,,,,,0,0,0,0,,,,,,
福丸小糸パーティーのやくそく3凸,福丸小糸,パーティーのやくそく,3凸,296,136,136,3.4,0,0,0,,,,,,,0,0,0,0,,,,,,
福丸小糸パーティーのやくそく4凸,福丸小糸,パーティーのやくそく,4凸,312,144,144,3.5,0,0,0,0,0,0,0,0,0,0,0,0,0,0,0,0,0,0,0
桑山千雪夏空への挑戦0凸,桑山千雪,夏空への挑戦,0凸,200,100,100,3.1,0,0,0,,,,,,,0,0,0,0,,,,,,
桑山千雪夏空への挑戦1凸,桑山千雪,夏空への挑戦,1凸,212,106,106,3.2,0,0,0,,,,,,,0,0,0,0,,,,,,
桑山千雪夏空への挑戦2凸,桑山千雪,夏空への挑戦,2凸,225,112,112,3.3,0,0,0,,,,,,,0,0,0,0,,,,,,
桑山千雪夏空への挑戦3凸,桑山千雪,夏空への挑戦,3凸,237,118,118,3.4,0,0,0,,,,,,,0,0,0,0,,,,,,
桑山千雪夏空への挑戦4凸,桑山千雪,夏空への挑戦,4凸,250,125,125,3.5,0,0,0,,,,,,,0,0,0,0,,,,,,
浅倉透ハウ・アー・UFO0凸,浅倉透,ハウ・アー・UFO,0凸,180,138,138,2.6,0,0,0,,,,,,,0,0,0,0,,,,,,
浅倉透ハウ・アー・UFO1凸,浅倉透,ハウ・アー・UFO,1凸,191,146,146,2.7,0,0,0,,,,,,,0,0,0,0,,,,,,
浅倉透ハウ・アー・UFO2凸,浅倉透,ハウ・アー・UFO,2凸,202,155,155,2.8,0,0,0,,,,,,,0,0,0,0,,,,,,
浅倉透ハウ・アー・UFO3凸,浅倉透,ハウ・アー・UFO,3凸,213,163,163,2.9,0,0,0,,,,,,,0,0,0,0,,,,,,
浅倉透ハウ・アー・UFO4凸,浅倉透,ハウ・アー・UFO,4凸,225,172,172,3,0,0,0,,,,,,,0,0,0,0,,,,,,
大崎甜花リトル・スターズ0凸,大崎甜花,リトル・スターズ,0凸,162,126,126,2.6,0,0,0,,,,,,,0,0,0,0,,,,,,
大崎甜花リトル・スターズ1凸,大崎甜花,リトル・スターズ,1凸,170,132,132,2.7,0,0,0,,,,,,,0,0,0,0,,,,,,
大崎甜花リトル・スターズ2凸,大崎甜花,リトル・スターズ,2凸,180,140,140,2.8,0,0,0,,,,,,,0,0,0,0,,,,,,
大崎甜花リトル・スターズ3凸,大崎甜花,リトル・スターズ,3凸,190,148,148,2.9,0,0,0,,,,,,,0,0,0,0,,,,,,
大崎甜花リトル・スターズ4凸,大崎甜花,リトル・スターズ,4凸,200,156,156,3,0,0,0,,,,,,,0,0,0,0,,,,,,
小宮果穂続！（完全）燃焼0凸,小宮果穂,続！（完全）燃焼,0凸,156,132,140,0,2.6,0,0,,,,,,,0,0,0,0,,,,,,
小宮果穂続！（完全）燃焼1凸,小宮果穂,続！（完全）燃焼,1凸,140,165,140,0,2.7,0,0,,,,,,,0,0,0,0,,,,,,
小宮果穂続！（完全）燃焼2凸,小宮果穂,続！（完全）燃焼,2凸,148,175,148,0,2.8,0,0,,,,,,,0,0,0,0,,,,,,
小宮果穂続！（完全）燃焼3凸,小宮果穂,続！（完全）燃焼,3凸,156,184,156,0,2.9,0,0,,,,,,,0,0,0,0,,,,,,
小宮果穂続！（完全）燃焼4凸,小宮果穂,続！（完全）燃焼,4凸,165,194,165,0,3,0,0,,,,,,,0,0,0,0,,,,,,
芹沢あさひゴースト・サイド！0凸,芹沢あさひ,ゴースト・サイド！,0凸,160,125,125,2.6,0,0,0,,,,,,,0,0,0,0,,,,,,
芹沢あさひゴースト・サイド！1凸,芹沢あさひ,ゴースト・サイド！,1凸,170,132,132,2.7,0,0,0,,,,,,,0,0,0,0,,,,,,
芹沢あさひゴースト・サイド！2凸,芹沢あさひ,ゴースト・サイド！,2凸,180,140,140,2.8,0,0,0,,,,,,,0,0,0,0,,,,,,
芹沢あさひゴースト・サイド！3凸,芹沢あさひ,ゴースト・サイド！,3凸,190,148,148,2.9,0,0,0,,,,,,,0,0,0,0,,,,,,
芹沢あさひゴースト・サイド！4凸,芹沢あさひ,ゴースト・サイド！,4凸,200,156,156,3,0,0,0,,,,,,,0,0,0,0,,,,,,
櫻木真乃こころ、えんにならんで0凸,櫻木真乃,こころ、えんにならんで,0凸,150,174,126,2.1,1.1,0,0,,,,,,,0,0,0,0,,,,,,
櫻木真乃こころ、えんにならんで1凸,櫻木真乃,こころ、えんにならんで,1凸,159,185,133,2.2,1.2,0,0,,,,,,,0,0,0,0,,,,,,
櫻木真乃こころ、えんにならんで2凸,櫻木真乃,こころ、えんにならんで,2凸,,,,2.3,1.3,0,0,,,,,,,0,0,0,0,,,,,,
櫻木真乃こころ、えんにならんで3凸,櫻木真乃,こころ、えんにならんで,3凸,,,,2.4,1.4,0,0,,,,,,,0,0,0,0,,,,,,
櫻木真乃こころ、えんにならんで4凸,櫻木真乃,こころ、えんにならんで,4凸,188,218,156,2.5,1.5,0,0,,,,,,,0,0,0,0,,,,,,
幽谷霧子数・数・娘・娘0凸,幽谷霧子,数・数・娘・娘,0凸,115,250,115,0,3,0,0,,,,,,,0,0,0,0,,,,,,
幽谷霧子数・数・娘・娘1凸,幽谷霧子,数・数・娘・娘,1凸,122,265,122,0,3,0,0,,,,,,,0,0,0,0,,,,,,
幽谷霧子数・数・娘・娘2凸,幽谷霧子,数・数・娘・娘,2凸,129,281,129,0,3,0,0,,,,,,,0,0,0,0,,,,,,
幽谷霧子数・数・娘・娘3凸,幽谷霧子,数・数・娘・娘,3凸,136,296,136,0,3,0,0,,,,,,,0,0,0,0,,,,,,
幽谷霧子数・数・娘・娘4凸,幽谷霧子,数・数・娘・娘,4凸,144,312,144,0,3,0,0,,,,,,,0,0,0,0,,,,,,
風野灯織水面を仰いで海の底0凸,風野灯織,水面を仰いで海の底,0凸,120,180,180,0,3,0,0,,5,5,,3,3,0,0,0,0,,,,,,
風野灯織水面を仰いで海の底1凸,風野灯織,水面を仰いで海の底,1凸,127,191,191,0,3,0,0,,10,10,,3,3,0,0,0,0,,,,,,
風野灯織水面を仰いで海の底2凸,風野灯織,水面を仰いで海の底,2凸,135,202,202,0,3,0,0,,15,15,,3,3,0,0,0,0,,,,,,
風野灯織水面を仰いで海の底3凸,風野灯織,水面を仰いで海の底,3凸,142,213,213,0,3,0,0,,20,20,,3,3,0,0,0,0,,,,,,
風野灯織水面を仰いで海の底4凸,風野灯織,水面を仰いで海の底,4凸,150,225,225,0,3,0,0,,25,25,,3,3,0,0,0,0,,,,,,
樋口円香UNTITLED0凸,樋口円香,UNTITLED,0凸,138,138,180,0,0,2.6,0,,,,,,,2.6,2.6,2.6,0,,,,,,
樋口円香UNTITLED1凸,樋口円香,UNTITLED,1凸,146,146,191,0,0,2.7,0,,,,,,,2.7,2.7,2.7,0,,,,,,
樋口円香UNTITLED2凸,樋口円香,UNTITLED,2凸,155,155,202,0,0,2.8,0,,,,,,,2.8,2.8,2.8,0,,,,,,
樋口円香UNTITLED3凸,樋口円香,UNTITLED,3凸,163,163,211,0,0,2.9,0,,,,,,,2.9,2.9,2.9,0,,,,,,
樋口円香UNTITLED4凸,樋口円香,UNTITLED,4凸,172,172,225,0,0,3,0,,,,,,,3,3,3,0,,,,,,
西城樹里モーニング・グロウリ―？0凸,西城樹里,モーニング・グロウリ―？,0凸,115,115,115,3.1,0,0,0,,,,,,,0,0,0,0,,,,,,
西城樹里モーニング・グロウリ―？1凸,西城樹里,モーニング・グロウリ―？,1凸,265,122,122,3.2,0,0,0,,,,,,,0,0,0,0,,,,,,
西城樹里モーニング・グロウリ―？2凸,西城樹里,モーニング・グロウリ―？,2凸,281,129,129,3.3,0,0,0,,,,,,,0,0,0,0,,,,,,
西城樹里モーニング・グロウリ―？3凸,西城樹里,モーニング・グロウリ―？,3凸,296,136,136,3.4,0,0,0,,,,,,,0,0,0,0,,,,,,
西城樹里モーニング・グロウリ―？4凸,西城樹里,モーニング・グロウリ―？,4凸,312,144,144,3.5,0,0,0,0,0,0,0,0,0,0,0,0,0,0,0,0,0,0,0
浅倉透pooool0凸,浅倉透,pooool,0凸,113,113,250,0,0,3.1,0,,,,,,,3.1,3.1,3.1,0,,,,,,
浅倉透pooool1凸,浅倉透,pooool,1凸,121,121,265,0,0,3.2,0,,,,,,,3.2,3.2,3.2,0,,,,,,
浅倉透pooool2凸,浅倉透,pooool,2凸,129,129,281,0,0,3.3,0,,,,,,,3.3,3.3,3.3,0,,,,,,
浅倉透pooool3凸,浅倉透,pooool,3凸,137,137,296,0,0,3.4,0,,,,,,,3.4,3.4,3.4,0,,,,,,
浅倉透pooool4凸,浅倉透,pooool,4凸,146,146,312,0,0,3.5,0,,,,,,,3.5,3.5,3.5,0,,,,,,
杜野凛世日を食んで、夜を啜って0凸,杜野凛世,日を食んで、夜を啜って,0凸,160,125,125,2.6,0,0,0,,,,,,,0,0,0,0,,,,,,
杜野凛世日を食んで、夜を啜って1凸,杜野凛世,日を食んで、夜を啜って,1凸,170,132,132,2.7,0,0,0,,,,,,,0,0,0,0,,,,,,
杜野凛世日を食んで、夜を啜って2凸,杜野凛世,日を食んで、夜を啜って,2凸,180,140,140,2.8,0,0,0,,,,,,,0,0,0,0,,,,,,
杜野凛世日を食んで、夜を啜って3凸,杜野凛世,日を食んで、夜を啜って,3凸,190,148,148,2.9,0,0,0,,,,,,,0,0,0,0,,,,,,
杜野凛世日を食んで、夜を啜って4凸,杜野凛世,日を食んで、夜を啜って,4凸,200,156,156,3,0,0,0,,,,,,,0,0,0,0,,,,,,
和泉愛依エンジョイ！パーティ0凸,和泉愛依,エンジョイ！パーティ,0凸,138,180,138,0,2.6,0,0,,,,,,,0,0,0,0,,,,,,
和泉愛依エンジョイ！パーティ1凸,和泉愛依,エンジョイ！パーティ,1凸,,,,0,2.7,0,0,,,,,,,0,0,0,0,,,,,,
和泉愛依エンジョイ！パーティ2凸,和泉愛依,エンジョイ！パーティ,2凸,155,202,155,0,2.8,0,0,,,,,,,0,0,0,0,,,,,,
和泉愛依エンジョイ！パーティ3凸,和泉愛依,エンジョイ！パーティ,3凸,163,213,163,0,2.9,0,0,,,,,,,0,0,0,0,,,,,,
和泉愛依エンジョイ！パーティ4凸,和泉愛依,エンジョイ！パーティ,4凸,172,225,172,0,3,0,0,,,,,,,0,0,0,0,,,,,,
杜野凛世祝唄-hogiuta-0凸,杜野凛世,祝唄-hogiuta-,0凸,175,175,175,0,0,0,3.1,,,,,,,0,0,0,3.1,,,,,,
杜野凛世祝唄-hogiuta-1凸,杜野凛世,祝唄-hogiuta-,1凸,185,185,185,0,0,0,3.2,,,,,,,0,0,0,3.2,,,,,,
杜野凛世祝唄-hogiuta-2凸,杜野凛世,祝唄-hogiuta-,2凸,196,196,196,0,0,0,3.3,,,,,,,0,0,0,3.3,,,,,,
杜野凛世祝唄-hogiuta-3凸,杜野凛世,祝唄-hogiuta-,3凸,207,207,207,0,0,0,3.4,,,,,,,0,0,0,3.4,,,,,,
杜野凛世祝唄-hogiuta-4凸,杜野凛世,祝唄-hogiuta-,4凸,218,218,218,0,0,0,3.5,,,,,,,0,0,0,3.5,,,,,,
浅倉透がんばれ！ ノロマ号0凸,浅倉透,がんばれ！ ノロマ号,0凸,125,160,125,0,2.6,0,0,,,,,,,0,0,0,0,,,,,,
浅倉透がんばれ！ ノロマ号1凸,浅倉透,がんばれ！ ノロマ号,1凸,132,170,132,0,2.7,0,0,,,,,,,0,0,0,0,,,,,,
浅倉透がんばれ！ ノロマ号2凸,浅倉透,がんばれ！ ノロマ号,2凸,140,180,140,0,2.8,0,0,,,,,,,0,0,0,0,,,,,,
浅倉透がんばれ！ ノロマ号3凸,浅倉透,がんばれ！ ノロマ号,3凸,148,190,148,0,2.9,0,0,,,,,,,0,0,0,0,,,,,,
浅倉透がんばれ！ ノロマ号4凸,浅倉透,がんばれ！ ノロマ号,4凸,156,200,156,0,3,0,0,,,,,,,0,0,0,0,,,,,,
櫻木真乃泡沫の石たちに乾杯0凸,櫻木真乃,泡沫の石たちに乾杯,0凸,180,120,180,0,0,3,0,,,,,,,3,3,3,0,,,,,,
櫻木真乃泡沫の石たちに乾杯1凸,櫻木真乃,泡沫の石たちに乾杯,1凸,191,127,191,0,0,3,0,,,,,,,3,3,3,0,,,,,,
櫻木真乃泡沫の石たちに乾杯2凸,櫻木真乃,泡沫の石たちに乾杯,2凸,202,135,202,0,0,3,0,,,,,,,3,3,3,0,,,,,,
櫻木真乃泡沫の石たちに乾杯3凸,櫻木真乃,泡沫の石たちに乾杯,3凸,213,142,213,0,0,3,0,,,,,,,3,3,3,0,,,,,,
櫻木真乃泡沫の石たちに乾杯4凸,櫻木真乃,泡沫の石たちに乾杯,4凸,225,150,225,0,0,3,0,,,,,,,3,3,3,0,,,,,,
大崎甘奈スペンサー家の日常0凸,大崎甘奈,スペンサー家の日常,0凸,200,125,125,3,0,0,0,,,,,,,0,0,0,0,,,,,,
大崎甘奈スペンサー家の日常1凸,大崎甘奈,スペンサー家の日常,1凸,212,132,132,3,0,0,0,,,,,,,0,0,0,0,,,,,,
大崎甘奈スペンサー家の日常2凸,大崎甘奈,スペンサー家の日常,2凸,225,140,140,3,0,0,0,,,,,,,0,0,0,0,,,,,,
大崎甘奈スペンサー家の日常3凸,大崎甘奈,スペンサー家の日常,3凸,237,148,148,3,0,0,0,,,,,,,0,0,0,0,,,,,,
大崎甘奈スペンサー家の日常4凸,大崎甘奈,スペンサー家の日常,4凸,250,156,156,3,0,0,0,,,,,,,0,0,0,0,,,,,,
和泉愛依いるっしょ！0凸,和泉愛依,いるっしょ！,0凸,125,125,160,0,0,2.6,0,,,,,,,2.6,2.6,2.6,0,,,,,,
和泉愛依いるっしょ！1凸,和泉愛依,いるっしょ！,1凸,132,132,170,0,0,2.7,0,,,,,,,2.7,2.7,2.7,0,,,,,,
和泉愛依いるっしょ！2凸,和泉愛依,いるっしょ！,2凸,140,140,180,0,0,2.8,0,,,,,,,2.8,2.8,2.8,0,,,,,,
和泉愛依いるっしょ！3凸,和泉愛依,いるっしょ！,3凸,148,148,190,0,0,2.9,0,,,,,,,2.9,2.9,2.9,0,,,,,,
和泉愛依いるっしょ！4凸,和泉愛依,いるっしょ！,4凸,156,156,200,0,0,3,0,,,,,,,3,3,3,0,,,,,,
小宮果穂反撃の狼煙をあげよ！0凸,小宮果穂,反撃の狼煙をあげよ！,0凸,175,175,175,0,0,0,3.1,,,,,,,0,0,0,3.1,,,,,,
小宮果穂反撃の狼煙をあげよ！1凸,小宮果穂,反撃の狼煙をあげよ！,1凸,185,185,185,0,0,0,3.2,,,,,,,0,0,0,3.2,,,,,,
小宮果穂反撃の狼煙をあげよ！2凸,小宮果穂,反撃の狼煙をあげよ！,2凸,196,196,196,0,0,0,3.3,,,,,,,0,0,0,3.3,,,,,,
小宮果穂反撃の狼煙をあげよ！3凸,小宮果穂,反撃の狼煙をあげよ！,3凸,207,207,207,0,0,0,3.4,,,,,,,0,0,0,3.4,,,,,,
小宮果穂反撃の狼煙をあげよ！4凸,小宮果穂,反撃の狼煙をあげよ！,4凸,218,218,218,0,0,0,3.5,,,,,,,0,0,0,3.5,,,,,,
八宮めぐるScoop up Scraps0凸,八宮めぐる,Scoop up Scraps,0凸,125,125,160,0,0,2.6,0,,,,,,,2.6,2.6,2.6,0,,,,,,
八宮めぐるScoop up Scraps1凸,八宮めぐる,Scoop up Scraps,1凸,132,132,170,0,0,2.7,0,,,,,,,2.7,2.7,2.7,0,,,,,,
八宮めぐるScoop up Scraps2凸,八宮めぐる,Scoop up Scraps,2凸,140,140,180,0,0,2.8,0,,,,,,,2.8,2.8,2.8,0,,,,,,
八宮めぐるScoop up Scraps3凸,八宮めぐる,Scoop up Scraps,3凸,148,148,190,0,0,2.9,0,,,,,,,2.9,2.9,2.9,0,,,,,,
八宮めぐるScoop up Scraps4凸,八宮めぐる,Scoop up Scraps,4凸,156,156,200,0,0,3,0,,,,,,,3,3,3,0,,,,,,
和泉愛依よしよし2凸,和泉愛依,よしよし,2凸,281,129,129,3,0,0,0,,,,,,,0,0,0,0,,,,,,
和泉愛依よしよし4凸,和泉愛依,よしよし,4凸,312,144,144,3,0,0,0,"5,5,5",0,0,"3,5,8",0,0,0,0,0,0,15,0,0,15,0,0
有栖川夏葉ビードロの翳0凸,有栖川夏葉,ビードロの翳,0凸,250,115,115,3.1,0,0,0,,,,,,,0,0,0,0,,,,,,
有栖川夏葉ビードロの翳1凸,有栖川夏葉,ビードロの翳,1凸,265,122,122,3.2,0,0,0,,,,,,,0,0,0,0,,,,,,
有栖川夏葉ビードロの翳2凸,有栖川夏葉,ビードロの翳,2凸,281,129,129,3.3,0,0,0,,,,,,,0,0,0,0,,,,,,
有栖川夏葉ビードロの翳3凸,有栖川夏葉,ビードロの翳,3凸,296,136,136,3.4,0,0,0,,,,,,,0,0,0,0,,,,,,
有栖川夏葉ビードロの翳4凸,有栖川夏葉,ビードロの翳,4凸,312,144,144,3.5,0,0,0,25,0,0,5,0,0,0,0,0,0,25,0,0,25,0,0
八宮めぐるワン・デー4凸,八宮めぐる,ワン・デー,4凸,188,218,156,0,2.5,0,0,0,25,0,0,3,0,,,,,,,,,,
風野灯織永遠の方程式4凸,風野灯織,永遠の方程式,4凸,161,161,282,0,0,3.5,0,0,0,0,0,0,0,,,,,,,,,,
,,,,,,,,,,,,,,,,,,,,,,,,,,
,,,,,,,,,,,,,,,,,,,,,,,,,,
,,,,,,,,,,,,,,,,,,,,,,,,,,
,,,,,,,,,,,,,,,,,,,,,,,,,,
,,,,,,,,,,,,,,,,,,,,,,,,,,
,,,,,,,,,,,,,,,,,,,,,,,,,,
,,,,,,,,,,,,,,,,,,,,,,,,,,
,,,,,,,,,,,,,,,,,,,,,,,,,,
,,,,,,,,,,,,,,,,,,,,,,,,,,
,,,,,,,,,,,,,,,,,,,,,,,,,,
,,,,,,,,,,,,,,,,,,,,,,,,,,
,,,,,,,,,,,,,,,,,,,,,,,,,,
,,,,,,,,,,,,,,,,,,,,,,,,,,
,,,,,,,,,,,,,,,,,,,,,,,,,,
,,,,,,,,,,,,,,,,,,,,,,,,,,
,,,,,,,,,,,,,,,,,,,,,,,,,,
,,,,,,,,,,,,,,,,,,,,,,,,,,
,,,,,,,,,,,,,,,,,,,,,,,,,,
,,,,,,,,,,,,,,,,,,,,,,,,,,
,,,,,,,,,,,,,,,,,,,,,,,,,,
,,,,,,,,,,,,,,,,,,,,,,,,,,
,,,,,,,,,,,,,,,,,,,,,,,,,,
,,,,,,,,,,,,,,,,,,,,,,,,,,
,,,,,,,,,,,,,,,,,,,,,,,,,,
,,,,,,,,,,,,,,,,,,,,,,,,,,
,,,,,,,,,,,,,,,,,,,,,,,,,,
,,,,,,,,,,,,,,,,,,,,,,,,,,
,,,,,,,,,,,,,,,,,,,,,,,,,,
,,,,,,,,,,,,,,,,,,,,,,,,,,
,,,,,,,,,,,,,,,,,,,,,,,,,,
,,,,,,,,,,,,,,,,,,,,,,,,,,
,,,,,,,,,,,,,,,,,,,,,,,,,,
,,,,,,,,,,,,,,,,,,,,,,,,,,
,,,,,,,,,,,,,,,,,,,,,,,,,,
,,,,,,,,,,,,,,,,,,,,,,,,,,
,,,,,,,,,,,,,,,,,,,,,,,,,,
,,,,,,,,,,,,,,,,,,,,,,,,,,
,,,,,,,,,,,,,,,,,,,,,,,,,,
,,,,,,,,,,,,,,,,,,,,,,,,,,
,,,,,,,,,,,,,,,,,,,,,,,,,,
,,,,,,,,,,,,,,,,,,,,,,,,,,
,,,,,,,,,,,,,,,,,,,,,,,,,,
,,,,,,,,,,,,,,,,,,,,,,,,,,
,,,,,,,,,,,,,,,,,,,,,,,,,,
,,,,,,,,,,,,,,,,,,,,,,,,,,
,,,,,,,,,,,,,,,,,,,,,,,,,,
,,,,,,,,,,,,,,,,,,,,,,,,,,
,,,,,,,,,,,,,,,,,,,,,,,,,,
,,,,,,,,,,,,,,,,,,,,,,,,,,
,,,,,,,,,,,,,,,,,,,,,,,,,,
,,,,,,,,,,,,,,,,,,,,,,,,,,
,,,,,,,,,,,,,,,,,,,,,,,,,,
,,,,,,,,,,,,,,,,,,,,,,,,,,
,,,,,,,,,,,,,,,,,,,,,,,,,,
,,,,,,,,,,,,,,,,,,,,,,,,,,
,,,,,,,,,,,,,,,,,,,,,,,,,,
,,,,,,,,,,,,,,,,,,,,,,,,,,
,,,,,,,,,,,,,,,,,,,,,,,,,,
,,,,,,,,,,,,,,,,,,,,,,,,,,
,,,,,,,,,,,,,,,,,,,,,,,,,,
,,,,,,,,,,,,,,,,,,,,,,,,,,
,,,,,,,,,,,,,,,,,,,,,,,,,,
,,,,,,,,,,,,,,,,,,,,,,,,,,
,,,,,,,,,,,,,,,,,,,,,,,,,,
,,,,,,,,,,,,,,,,,,,,,,,,,,
,,,,,,,,,,,,,,,,,,,,,,,,,,
,,,,,,,,,,,,,,,,,,,,,,,,,,
,,,,,,,,,,,,,,,,,,,,,,,,,,
,,,,,,,,,,,,,,,,,,,,,,,,,,
,,,,,,,,,,,,,,,,,,,,,,,,,,
,,,,,,,,,,,,,,,,,,,,,,,,,,
,,,,,,,,,,,,,,,,,,,,,,,,,,
,,,,,,,,,,,,,,,,,,,,,,,,,,
,,,,,,,,,,,,,,,,,,,,,,,,,,
,,,,,,,,,,,,,,,,,,,,,,,,,,
,,,,,,,,,,,,,,,,,,,,,,,,,,
,,,,,,,,,,,,,,,,,,,,,,,,,,
,,,,,,,,,,,,,,,,,,,,,,,,,,
,,,,,,,,,,,,,,,,,,,,,,,,,,
,,,,,,,,,,,,,,,,,,,,,,,,,,
,,,,,,,,,,,,,,,,,,,,,,,,,,
,,,,,,,,,,,,,,,,,,,,,,,,,,
,,,,,,,,,,,,,,,,,,,,,,,,,,
,,,,,,,,,,,,,,,,,,,,,,,,,,
,,,,,,,,,,,,,,,,,,,,,,,,,,
,,,,,,,,,,,,,,,,,,,,,,,,,,
,,,,,,,,,,,,,,,,,,,,,,,,,,
,,,,,,,,,,,,,,,,,,,,,,,,,,
,,,,,,,,,,,,,,,,,,,,,,,,,,
,,,,,,,,,,,,,,,,,,,,,,,,,,
,,,,,,,,,,,,,,,,,,,,,,,,,,
,,,,,,,,,,,,,,,,,,,,,,,,,,
,,,,,,,,,,,,,,,,,,,,,,,,,,
,,,,,,,,,,,,,,,,,,,,,,,,,,
,,,,,,,,,,,,,,,,,,,,,,,,,,
,,,,,,,,,,,,,,,,,,,,,,,,,,
,,,,,,,,,,,,,,,,,,,,,,,,,,
,,,,,,,,,,,,,,,,,,,,,,,,,,
,,,,,,,,,,,,,,,,,,,,,,,,,,
,,,,,,,,,,,,,,,,,,,,,,,,,,
,,,,,,,,,,,,,,,,,,,,,,,,,,
,,,,,,,,,,,,,,,,,,,,,,,,,,
,,,,,,,,,,,,,,,,,,,,,,,,,,
,,,,,,,,,,,,,,,,,,,,,,,,,,
,,,,,,,,,,,,,,,,,,,,,,,,,,
,,,,,,,,,,,,,,,,,,,,,,,,,,
,,,,,,,,,,,,,,,,,,,,,,,,,,
,,,,,,,,,,,,,,,,,,,,,,,,,,
,,,,,,,,,,,,,,,,,,,,,,,,,,
,,,,,,,,,,,,,,,,,,,,,,,,,,
,,,,,,,,,,,,,,,,,,,,,,,,,,
,,,,,,,,,,,,,,,,,,,,,,,,,,
,,,,,,,,,,,,,,,,,,,,,,,,,,
,,,,,,,,,,,,,,,,,,,,,,,,,,
,,,,,,,,,,,,,,,,,,,,,,,,,,
,,,,,,,,,,,,,,,,,,,,,,,,,,
,,,,,,,,,,,,,,,,,,,,,,,,,,
,,,,,,,,,,,,,,,,,,,,,,,,,,
,,,,,,,,,,,,,,,,,,,,,,,,,,
,,,,,,,,,,,,,,,,,,,,,,,,,,
,,,,,,,,,,,,,,,,,,,,,,,,,,
,,,,,,,,,,,,,,,,,,,,,,,,,,
,,,,,,,,,,,,,,,,,,,,,,,,,,
,,,,,,,,,,,,,,,,,,,,,,,,,,
,,,,,,,,,,,,,,,,,,,,,,,,,,
,,,,,,,,,,,,,,,,,,,,,,,,,,
,,,,,,,,,,,,,,,,,,,,,,,,,,
,,,,,,,,,,,,,,,,,,,,,,,,,,
,,,,,,,,,,,,,,,,,,,,,,,,,,
,,,,,,,,,,,,,,,,,,,,,,,,,,
,,,,,,,,,,,,,,,,,,,,,,,,,,
,,,,,,,,,,,,,,,,,,,,,,,,,,
,,,,,,,,,,,,,,,,,,,,,,,,,,
,,,,,,,,,,,,,,,,,,,,,,,,,,
,,,,,,,,,,,,,,,,,,,,,,,,,,
,,,,,,,,,,,,,,,,,,,,,,,,,,
,,,,,,,,,,,,,,,,,,,,,,,,,,
,,,,,,,,,,,,,,,,,,,,,,,,,,
,,,,,,,,,,,,,,,,,,,,,,,,,,
,,,,,,,,,,,,,,,,,,,,,,,,,,
,,,,,,,,,,,,,,,,,,,,,,,,,,
,,,,,,,,,,,,,,,,,,,,,,,,,,
,,,,,,,,,,,,,,,,,,,,,,,,,,
,,,,,,,,,,,,,,,,,,,,,,,,,,
,,,,,,,,,,,,,,,,,,,,,,,,,,
,,,,,,,,,,,,,,,,,,,,,,,,,,
,,,,,,,,,,,,,,,,,,,,,,,,,,
,,,,,,,,,,,,,,,,,,,,,,,,,,
,,,,,,,,,,,,,,,,,,,,,,,,,,
,,,,,,,,,,,,,,,,,,,,,,,,,,
,,,,,,,,,,,,,,,,,,,,,,,,,,
,,,,,,,,,,,,,,,,,,,,,,,,,,
,,,,,,,,,,,,,,,,,,,,,,,,,,
,,,,,,,,,,,,,,,,,,,,,,,,,,
,,,,,,,,,,,,,,,,,,,,,,,,,,
,,,,,,,,,,,,,,,,,,,,,,,,,,
,,,,,,,,,,,,,,,,,,,,,,,,,,
,,,,,,,,,,,,,,,,,,,,,,,,,,
,,,,,,,,,,,,,,,,,,,,,,,,,,
,,,,,,,,,,,,,,,,,,,,,,,,,,
,,,,,,,,,,,,,,,,,,,,,,,,,,
,,,,,,,,,,,,,,,,,,,,,,,,,,
,,,,,,,,,,,,,,,,,,,,,,,,,,
,,,,,,,,,,,,,,,,,,,,,,,,,,
,,,,,,,,,,,,,,,,,,,,,,,,,,
,,,,,,,,,,,,,,,,,,,,,,,,,,
,,,,,,,,,,,,,,,,,,,,,,,,,,
,,,,,,,,,,,,,,,,,,,,,,,,,,
,,,,,,,,,,,,,,,,,,,,,,,,,,
,,,,,,,,,,,,,,,,,,,,,,,,,,
,,,,,,,,,,,,,,,,,,,,,,,,,,
,,,,,,,,,,,,,,,,,,,,,,,,,,
,,,,,,,,,,,,,,,,,,,,,,,,,,
,,,,,,,,,,,,,,,,,,,,,,,,,,
,,,,,,,,,,,,,,,,,,,,,,,,,,
,,,,,,,,,,,,,,,,,,,,,,,,,,
,,,,,,,,,,,,,,,,,,,,,,,,,,
,,,,,,,,,,,,,,,,,,,,,,,,,,
,,,,,,,,,,,,,,,,,,,,,,,,,,
,,,,,,,,,,,,,,,,,,,,,,,,,,
,,,,,,,,,,,,,,,,,,,,,,,,,,
,,,,,,,,,,,,,,,,,,,,,,,,,,
,,,,,,,,,,,,,,,,,,,,,,,,,,
,,,,,,,,,,,,,,,,,,,,,,,,,,
,,,,,,,,,,,,,,,,,,,,,,,,,,
,,,,,,,,,,,,,,,,,,,,,,,,,,
,,,,,,,,,,,,,,,,,,,,,,,,,,
,,,,,,,,,,,,,,,,,,,,,,,,,,
,,,,,,,,,,,,,,,,,,,,,,,,,,
,,,,,,,,,,,,,,,,,,,,,,,,,,
,,,,,,,,,,,,,,,,,,,,,,,,,,
,,,,,,,,,,,,,,,,,,,,,,,,,,
,,,,,,,,,,,,,,,,,,,,,,,,,,
,,,,,,,,,,,,,,,,,,,,,,,,,,
,,,,,,,,,,,,,,,,,,,,,,,,,,
,,,,,,,,,,,,,,,,,,,,,,,,,,
,,,,,,,,,,,,,,,,,,,,,,,,,,
,,,,,,,,,,,,,,,,,,,,,,,,,,
,,,,,,,,,,,,,,,,,,,,,,,,,,
,,,,,,,,,,,,,,,,,,,,,,,,,,
,,,,,,,,,,,,,,,,,,,,,,,,,,
,,,,,,,,,,,,,,,,,,,,,,,,,,
,,,,,,,,,,,,,,,,,,,,,,,,,,
,,,,,,,,,,,,,,,,,,,,,,,,,,
,,,,,,,,,,,,,,,,,,,,,,,,,,
,,,,,,,,,,,,,,,,,,,,,,,,,,
,,,,,,,,,,,,,,,,,,,,,,,,,,
,,,,,,,,,,,,,,,,,,,,,,,,,,
,,,,,,,,,,,,,,,,,,,,,,,,,,
,,,,,,,,,,,,,,,,,,,,,,,,,,
,,,,,,,,,,,,,,,,,,,,,,,,,,
,,,,,,,,,,,,,,,,,,,,,,,,,,
,,,,,,,,,,,,,,,,,,,,,,,,,,
,,,,,,,,,,,,,,,,,,,,,,,,,,
,,,,,,,,,,,,,,,,,,,,,,,,,,
,,,,,,,,,,,,,,,,,,,,,,,,,,
,,,,,,,,,,,,,,,,,,,,,,,,,,
,,,,,,,,,,,,,,,,,,,,,,,,,,
,,,,,,,,,,,,,,,,,,,,,,,,,,
,,,,,,,,,,,,,,,,,,,,,,,,,,
,,,,,,,,,,,,,,,,,,,,,,,,,,
,,,,,,,,,,,,,,,,,,,,,,,,,,
,,,,,,,,,,,,,,,,,,,,,,,,,,
,,,,,,,,,,,,,,,,,,,,,,,,,,
,,,,,,,,,,,,,,,,,,,,,,,,,,
,,,,,,,,,,,,,,,,,,,,,,,,,,
,,,,,,,,,,,,,,,,,,,,,,,,,,
,,,,,,,,,,,,,,,,,,,,,,,,,,
,,,,,,,,,,,,,,,,,,,,,,,,,,
,,,,,,,,,,,,,,,,,,,,,,,,,,
,,,,,,,,,,,,,,,,,,,,,,,,,,
,,,,,,,,,,,,,,,,,,,,,,,,,,
,,,,,,,,,,,,,,,,,,,,,,,,,,
,,,,,,,,,,,,,,,,,,,,,,,,,,
,,,,,,,,,,,,,,,,,,,,,,,,,,
,,,,,,,,,,,,,,,,,,,,,,,,,,
,,,,,,,,,,,,,,,,,,,,,,,,,,
,,,,,,,,,,,,,,,,,,,,,,,,,,
,,,,,,,,,,,,,,,,,,,,,,,,,,
,,,,,,,,,,,,,,,,,,,,,,,,,,
,,,,,,,,,,,,,,,,,,,,,,,,,,
,,,,,,,,,,,,,,,,,,,,,,,,,,
,,,,,,,,,,,,,,,,,,,,,,,,,,
,,,,,,,,,,,,,,,,,,,,,,,,,,
,,,,,,,,,,,,,,,,,,,,,,,,,,
,,,,,,,,,,,,,,,,,,,,,,,,,,
,,,,,,,,,,,,,,,,,,,,,,,,,,
,,,,,,,,,,,,,,,,,,,,,,,,,,
,,,,,,,,,,,,,,,,,,,,,,,,,,
,,,,,,,,,,,,,,,,,,,,,,,,,,
,,,,,,,,,,,,,,,,,,,,,,,,,,
,,,,,,,,,,,,,,,,,,,,,,,,,,
,,,,,,,,,,,,,,,,,,,,,,,,,,
,,,,,,,,,,,,,,,,,,,,,,,,,,
,,,,,,,,,,,,,,,,,,,,,,,,,,
,,,,,,,,,,,,,,,,,,,,,,,,,,
,,,,,,,,,,,,,,,,,,,,,,,,,,
,,,,,,,,,,,,,,,,,,,,,,,,,,
,,,,,,,,,,,,,,,,,,,,,,,,,,
,,,,,,,,,,,,,,,,,,,,,,,,,,
,,,,,,,,,,,,,,,,,,,,,,,,,,
,,,,,,,,,,,,,,,,,,,,,,,,,,
,,,,,,,,,,,,,,,,,,,,,,,,,,
,,,,,,,,,,,,,,,,,,,,,,,,,,
,,,,,,,,,,,,,,,,,,,,,,,,,,
,,,,,,,,,,,,,,,,,,,,,,,,,,
,,,,,,,,,,,,,,,,,,,,,,,,,,
,,,,,,,,,,,,,,,,,,,,,,,,,,
,,,,,,,,,,,,,,,,,,,,,,,,,,
,,,,,,,,,,,,,,,,,,,,,,,,,,
,,,,,,,,,,,,,,,,,,,,,,,,,,
,,,,,,,,,,,,,,,,,,,,,,,,,,
,,,,,,,,,,,,,,,,,,,,,,,,,,
,,,,,,,,,,,,,,,,,,,,,,,,,,
,,,,,,,,,,,,,,,,,,,,,,,,,,
,,,,,,,,,,,,,,,,,,,,,,,,,,
,,,,,,,,,,,,,,,,,,,,,,,,,,
,,,,,,,,,,,,,,,,,,,,,,,,,,
,,,,,,,,,,,,,,,,,,,,,,,,,,
,,,,,,,,,,,,,,,,,,,,,,,,,,
,,,,,,,,,,,,,,,,,,,,,,,,,,
,,,,,,,,,,,,,,,,,,,,,,,,,,
,,,,,,,,,,,,,,,,,,,,,,,,,,
,,,,,,,,,,,,,,,,,,,,,,,,,,
,,,,,,,,,,,,,,,,,,,,,,,,,,
,,,,,,,,,,,,,,,,,,,,,,,,,,
,,,,,,,,,,,,,,,,,,,,,,,,,,
,,,,,,,,,,,,,,,,,,,,,,,,,,
,,,,,,,,,,,,,,,,,,,,,,,,,,
,,,,,,,,,,,,,,,,,,,,,,,,,,
,,,,,,,,,,,,,,,,,,,,,,,,,,
,,,,,,,,,,,,,,,,,,,,,,,,,,
,,,,,,,,,,,,,,,,,,,,,,,,,,
,,,,,,,,,,,,,,,,,,,,,,,,,,
,,,,,,,,,,,,,,,,,,,,,,,,,,
,,,,,,,,,,,,,,,,,,,,,,,,,,
,,,,,,,,,,,,,,,,,,,,,,,,,,
,,,,,,,,,,,,,,,,,,,,,,,,,,
,,,,,,,,,,,,,,,,,,,,,,,,,,
,,,,,,,,,,,,,,,,,,,,,,,,,,
,,,,,,,,,,,,,,,,,,,,,,,,,,
,,,,,,,,,,,,,,,,,,,,,,,,,,
,,,,,,,,,,,,,,,,,,,,,,,,,,
,,,,,,,,,,,,,,,,,,,,,,,,,,
,,,,,,,,,,,,,,,,,,,,,,,,,,
,,,,,,,,,,,,,,,,,,,,,,,,,,
,,,,,,,,,,,,,,,,,,,,,,,,,,
,,,,,,,,,,,,,,,,,,,,,,,,,,
,,,,,,,,,,,,,,,,,,,,,,,,,,
,,,,,,,,,,,,,,,,,,,,,,,,,,
,,,,,,,,,,,,,,,,,,,,,,,,,,
,,,,,,,,,,,,,,,,,,,,,,,,,,
,,,,,,,,,,,,,,,,,,,,,,,,,,
,,,,,,,,,,,,,,,,,,,,,,,,,,
,,,,,,,,,,,,,,,,,,,,,,,,,,
,,,,,,,,,,,,,,,,,,,,,,,,,,
,,,,,,,,,,,,,,,,,,,,,,,,,,
,,,,,,,,,,,,,,,,,,,,,,,,,,
,,,,,,,,,,,,,,,,,,,,,,,,,,
,,,,,,,,,,,,,,,,,,,,,,,,,,
,,,,,,,,,,,,,,,,,,,,,,,,,,
,,,,,,,,,,,,,,,,,,,,,,,,,,
,,,,,,,,,,,,,,,,,,,,,,,,,,
,,,,,,,,,,,,,,,,,,,,,,,,,,
,,,,,,,,,,,,,,,,,,,,,,,,,,
,,,,,,,,,,,,,,,,,,,,,,,,,,
,,,,,,,,,,,,,,,,,,,,,,,,,,
,,,,,,,,,,,,,,,,,,,,,,,,,,
,,,,,,,,,,,,,,,,,,,,,,,,,,
,,,,,,,,,,,,,,,,,,,,,,,,,,
,,,,,,,,,,,,,,,,,,,,,,,,,,
,,,,,,,,,,,,,,,,,,,,,,,,,,
,,,,,,,,,,,,,,,,,,,,,,,,,,
,,,,,,,,,,,,,,,,,,,,,,,,,,
,,,,,,,,,,,,,,,,,,,,,,,,,,
,,,,,,,,,,,,,,,,,,,,,,,,,,
,,,,,,,,,,,,,,,,,,,,,,,,,,
,,,,,,,,,,,,,,,,,,,,,,,,,,
,,,,,,,,,,,,,,,,,,,,,,,,,,
,,,,,,,,,,,,,,,,,,,,,,,,,,
,,,,,,,,,,,,,,,,,,,,,,,,,,
,,,,,,,,,,,,,,,,,,,,,,,,,,
,,,,,,,,,,,,,,,,,,,,,,,,,,
,,,,,,,,,,,,,,,,,,,,,,,,,,
,,,,,,,,,,,,,,,,,,,,,,,,,,
,,,,,,,,,,,,,,,,,,,,,,,,,,
,,,,,,,,,,,,,,,,,,,,,,,,,,
,,,,,,,,,,,,,,,,,,,,,,,,,,
,,,,,,,,,,,,,,,,,,,,,,,,,,
,,,,,,,,,,,,,,,,,,,,,,,,,,
,,,,,,,,,,,,,,,,,,,,,,,,,,
,,,,,,,,,,,,,,,,,,,,,,,,,,
,,,,,,,,,,,,,,,,,,,,,,,,,,
,,,,,,,,,,,,,,,,,,,,,,,,,,
,,,,,,,,,,,,,,,,,,,,,,,,,,
,,,,,,,,,,,,,,,,,,,,,,,,,,
,,,,,,,,,,,,,,,,,,,,,,,,,,
,,,,,,,,,,,,,,,,,,,,,,,,,,
,,,,,,,,,,,,,,,,,,,,,,,,,,
,,,,,,,,,,,,,,,,,,,,,,,,,,
,,,,,,,,,,,,,,,,,,,,,,,,,,
,,,,,,,,,,,,,,,,,,,,,,,,,,
,,,,,,,,,,,,,,,,,,,,,,,,,,
,,,,,,,,,,,,,,,,,,,,,,,,,,
,,,,,,,,,,,,,,,,,,,,,,,,,,
,,,,,,,,,,,,,,,,,,,,,,,,,,
,,,,,,,,,,,,,,,,,,,,,,,,,,
,,,,,,,,,,,,,,,,,,,,,,,,,,
,,,,,,,,,,,,,,,,,,,,,,,,,,
,,,,,,,,,,,,,,,,,,,,,,,,,,
,,,,,,,,,,,,,,,,,,,,,,,,,,
,,,,,,,,,,,,,,,,,,,,,,,,,,
,,,,,,,,,,,,,,,,,,,,,,,,,,
,,,,,,,,,,,,,,,,,,,,,,,,,,
,,,,,,,,,,,,,,,,,,,,,,,,,,
,,,,,,,,,,,,,,,,,,,,,,,,,,
,,,,,,,,,,,,,,,,,,,,,,,,,,
,,,,,,,,,,,,,,,,,,,,,,,,,,
,,,,,,,,,,,,,,,,,,,,,,,,,,
,,,,,,,,,,,,,,,,,,,,,,,,,,
,,,,,,,,,,,,,,,,,,,,,,,,,,
